,idx,age,workclass,fnlwgt,education,education_num,marital_status,occupation,relationship,race,sex,capital_gain,capital_loss,hours_per_week,native_country,income
0,3740,18,Private,184016,HS-grad,9,Married-civ-spouse,Priv-house-serv,Not-in-family,White,Female,3103,0,40,United-States,<=50K
1,20571,30,Federal-gov,76313,HS-grad,9,Married-civ-spouse,Armed-Forces,Other-relative,Amer-Indian-Eskimo,Male,0,0,48,United-States,<=50K
2,6617,22,Local-gov,238831,Some-college,10,Never-married,Protective-serv,Own-child,White,Male,0,0,40,United-States,<=50K
3,11037,61,Private,213321,HS-grad,9,Married-civ-spouse,Protective-serv,Husband,White,Male,0,0,40,United-States,<=50K
4,11129,30,Local-gov,172822,Assoc-voc,11,Never-married,Protective-serv,Not-in-family,White,Male,0,0,40,United-States,<=50K
5,15140,30,Local-gov,235271,Bachelors,13,Married-civ-spouse,Protective-serv,Husband,White,Male,0,0,40,United-States,>50K
6,17185,72,Private,157913,Bachelors,13,Married-civ-spouse,Protective-serv,Husband,White,Male,0,0,17,United-States,<=50K
7,17327,25,State-gov,156848,HS-grad,9,Married-civ-spouse,Protective-serv,Own-child,White,Male,0,0,35,United-States,<=50K
8,19249,22,Local-gov,138575,HS-grad,9,Never-married,Protective-serv,Unmarried,White,Male,0,0,56,United-States,<=50K
9,4873,26,Private,112847,Assoc-voc,11,Never-married,Tech-support,Own-child,White,Male,0,0,40,United-States,<=50K
10,9086,44,Private,376072,HS-grad,9,Married-civ-spouse,Tech-support,Husband,White,Male,0,0,45,United-States,>50K
11,10924,29,Private,134890,Bachelors,13,Married-civ-spouse,Tech-support,Husband,White,Male,0,0,40,United-States,>50K
12,10976,50,Private,159650,Some-college,10,Married-civ-spouse,Tech-support,Husband,White,Male,0,0,60,United-States,>50K
13,11613,39,Private,202937,Some-college,10,Divorced,Tech-support,Not-in-family,White,Female,0,0,40,Poland,<=50K
14,17304,48,Private,125892,Bachelors,13,Married-civ-spouse,Tech-support,Husband,White,Male,0,0,40,United-States,>50K
15,29729,39,Private,176634,Assoc-acdm,12,Never-married,Tech-support,Not-in-family,White,Female,0,0,40,United-States,<=50K
16,2333,51,Self-emp-not-inc,174824,HS-grad,9,Never-married,Farming-fishing,Not-in-family,White,Male,8614,0,40,United-States,>50K
17,4934,17,Private,32607,10th,6,Never-married,Farming-fishing,Own-child,White,Male,0,0,20,United-States,<=50K
18,5857,68,Self-emp-not-inc,197015,HS-grad,9,Married-civ-spouse,Farming-fishing,Husband,White,Male,0,0,45,United-States,<=50K
19,8427,47,Self-emp-not-inc,83064,Bachelors,13,Married-civ-spouse,Farming-fishing,Husband,White,Male,0,0,60,United-States,<=50K
20,10299,24,Self-emp-not-inc,191954,7th-8th,4,Never-married,Farming-fishing,Own-child,White,Male,0,0,50,United-States,<=50K
21,14603,45,Private,249935,Bachelors,13,Married-civ-spouse,Farming-fishing,Husband,White,Male,0,0,60,United-States,<=50K
22,15837,36,Self-emp-not-inc,129150,HS-grad,9,Married-civ-spouse,Farming-fishing,Husband,White,Male,0,0,50,United-States,>50K
23,16152,57,Self-emp-not-inc,110417,Some-college,10,Married-civ-spouse,Farming-fishing,Husband,White,Male,0,0,75,United-States,<=50K
24,25888,37,Self-emp-not-inc,154641,HS-grad,9,Never-married,Farming-fishing,Not-in-family,White,Male,0,0,86,United-States,<=50K
25,30102,35,Private,41777,12th,8,Never-married,Farming-fishing,Not-in-family,White,Male,0,0,20,United-States,<=50K
26,30387,71,Self-emp-not-inc,322789,HS-grad,9,Married-civ-spouse,Farming-fishing,Husband,Amer-Indian-Eskimo,Male,0,0,35,United-States,<=50K
27,130,66,Self-emp-not-inc,427422,Doctorate,16,Married-civ-spouse,Sales,Husband,White,Male,0,2377,25,United-States,>50K
28,369,51,Private,252903,10th,6,Married-civ-spouse,Sales,Husband,White,Male,0,1977,40,United-States,>50K
29,584,51,Private,337195,Some-college,10,Married-civ-spouse,Sales,Husband,White,Male,0,1902,50,United-States,>50K
30,1585,50,Private,238959,Bachelors,13,Married-civ-spouse,Sales,Husband,White,Male,99999,0,60,Unknown,>50K
31,2531,45,Private,197240,12th,8,Married-civ-spouse,Sales,Husband,White,Male,7688,0,40,United-States,>50K
32,4840,19,Private,475028,HS-grad,9,Never-married,Sales,Own-child,White,Female,0,0,20,United-States,<=50K
33,5925,21,Private,260847,Some-college,10,Never-married,Sales,Own-child,White,Male,0,0,30,United-States,<=50K
34,6616,24,Private,29810,HS-grad,9,Divorced,Sales,Not-in-family,White,Female,0,0,38,United-States,<=50K
35,6866,48,Private,119199,Bachelors,13,Divorced,Sales,Unmarried,White,Female,0,0,44,United-States,<=50K
36,6985,59,Private,374924,HS-grad,9,Separated,Sales,Unmarried,Black,Female,0,0,40,United-States,<=50K
37,7295,36,Private,165799,Masters,14,Married-civ-spouse,Sales,Husband,White,Male,0,0,50,United-States,>50K
38,7693,28,Private,157391,Bachelors,13,Never-married,Sales,Own-child,White,Female,0,0,40,United-States,<=50K
39,7789,23,Private,285004,Bachelors,13,Never-married,Sales,Not-in-family,Asian-Pac-Islander,Male,0,0,50,Taiwan,<=50K
40,14825,39,Private,113151,Bachelors,13,Married-civ-spouse,Sales,Husband,White,Male,0,0,55,United-States,<=50K
41,17127,36,Self-emp-not-inc,186035,Prof-school,15,Married-civ-spouse,Sales,Husband,White,Male,0,0,30,United-States,>50K
42,17502,22,Private,190429,Some-college,10,Never-married,Sales,Not-in-family,White,Female,0,0,20,United-States,<=50K
43,18420,22,Private,401690,Some-college,10,Never-married,Sales,Own-child,White,Female,0,0,20,Mexico,<=50K
44,20514,73,Self-emp-not-inc,336007,HS-grad,9,Married-civ-spouse,Sales,Husband,White,Male,0,0,40,United-States,<=50K
45,22663,63,Private,181153,HS-grad,9,Married-civ-spouse,Sales,Husband,White,Male,0,0,35,United-States,<=50K
46,22689,19,Private,165505,Some-college,10,Never-married,Sales,Own-child,White,Female,0,0,20,United-States,<=50K
47,23222,18,Private,188616,11th,7,Never-married,Sales,Own-child,White,Male,0,0,15,United-States,<=50K
48,25592,50,Private,192964,HS-grad,9,Divorced,Sales,Unmarried,White,Female,0,0,65,United-States,<=50K
49,27165,31,Private,127215,Some-college,10,Married-civ-spouse,Sales,Husband,White,Male,0,0,40,United-States,<=50K
50,27179,23,Private,32950,Some-college,10,Never-married,Sales,Not-in-family,White,Male,0,0,40,United-States,<=50K
51,28592,62,Private,65868,HS-grad,9,Widowed,Sales,Not-in-family,White,Female,0,0,43,United-States,<=50K
52,29699,41,Self-emp-inc,230168,Some-college,10,Married-civ-spouse,Sales,Husband,White,Male,0,0,91,United-States,<=50K
53,30174,19,Self-emp-inc,170125,HS-grad,9,Never-married,Sales,Own-child,White,Male,0,0,40,United-States,<=50K
54,30552,22,Private,194630,Bachelors,13,Never-married,Sales,Not-in-family,White,Male,0,0,45,United-States,<=50K
55,32294,30,Private,33678,HS-grad,9,Never-married,Sales,Own-child,White,Male,0,0,40,United-States,<=50K
56,32388,42,Private,248356,HS-grad,9,Never-married,Sales,Unmarried,White,Female,0,0,40,United-States,<=50K
57,4168,43,Private,88913,Some-college,10,Never-married,Handlers-cleaners,Own-child,Asian-Pac-Islander,Female,1055,0,40,United-States,<=50K
58,11551,36,Private,179358,HS-grad,9,Widowed,Handlers-cleaners,Unmarried,White,Female,0,0,30,United-States,<=50K
59,11891,32,State-gov,203849,7th-8th,4,Married-civ-spouse,Handlers-cleaners,Husband,White,Male,0,0,19,United-States,<=50K
60,13205,33,Private,357954,HS-grad,9,Married-civ-spouse,Handlers-cleaners,Husband,White,Male,0,0,35,India,<=50K
61,16401,24,Private,138768,Assoc-acdm,12,Never-married,Handlers-cleaners,Own-child,White,Male,0,0,30,United-States,<=50K
62,18556,32,Private,169589,Assoc-voc,11,Married-civ-spouse,Handlers-cleaners,Husband,White,Male,0,0,40,United-States,>50K
63,21353,17,Private,152652,11th,7,Never-married,Handlers-cleaners,Own-child,White,Male,0,0,25,United-States,<=50K
64,21742,32,Private,45796,12th,8,Married-civ-spouse,Handlers-cleaners,Husband,White,Male,0,0,40,United-States,<=50K
65,24956,30,Private,94245,Some-college,10,Married-civ-spouse,Handlers-cleaners,Husband,White,Male,0,0,40,United-States,<=50K
66,27270,25,Private,33610,HS-grad,9,Never-married,Handlers-cleaners,Not-in-family,White,Male,0,0,45,United-States,<=50K
67,28178,34,Private,108837,Some-college,10,Married-civ-spouse,Handlers-cleaners,Husband,White,Male,0,0,40,United-States,>50K
68,28640,34,Private,591711,Some-college,10,Never-married,Handlers-cleaners,Not-in-family,Black,Male,0,0,48,Unknown,<=50K
69,29015,52,Private,95704,9th,5,Married-civ-spouse,Handlers-cleaners,Husband,White,Male,0,0,40,United-States,<=50K
70,30736,21,Private,138816,HS-grad,9,Never-married,Handlers-cleaners,Own-child,Black,Male,0,0,20,United-States,<=50K
71,29,37,Self-emp-inc,107164,10th,6,Never-married,Transport-moving,Not-in-family,White,Male,0,2559,50,United-States,>50K
72,5489,60,Private,185749,11th,7,Widowed,Transport-moving,Unmarried,Black,Male,0,0,40,United-States,<=50K
73,11411,30,Private,76107,HS-grad,9,Never-married,Transport-moving,Not-in-family,White,Male,0,0,45,United-States,>50K
74,11633,24,Self-emp-inc,189148,Some-college,10,Never-married,Transport-moving,Own-child,White,Male,0,0,40,United-States,<=50K
75,12706,64,Private,265661,HS-grad,9,Married-civ-spouse,Transport-moving,Husband,White,Male,0,0,40,United-States,<=50K
76,14179,32,Private,34437,HS-grad,9,Never-married,Transport-moving,Own-child,White,Male,0,0,40,United-States,<=50K
77,16862,34,Private,281852,HS-grad,9,Never-married,Transport-moving,Not-in-family,Black,Male,0,0,80,United-States,<=50K
78,21580,39,Private,119272,10th,6,Divorced,Transport-moving,Not-in-family,White,Male,0,0,40,United-States,<=50K
79,22877,47,Private,89146,HS-grad,9,Married-civ-spouse,Transport-moving,Husband,Amer-Indian-Eskimo,Male,0,0,40,United-States,>50K
80,26209,25,Private,220284,HS-grad,9,Never-married,Transport-moving,Unmarried,White,Male,0,0,40,Mexico,<=50K
81,26423,27,Local-gov,163862,HS-grad,9,Married-civ-spouse,Transport-moving,Husband,White,Male,0,0,60,United-States,<=50K
82,30274,38,Self-emp-not-inc,261382,Some-college,10,Married-civ-spouse,Transport-moving,Husband,White,Male,0,0,40,United-States,<=50K
83,1299,28,Self-emp-not-inc,54683,Some-college,10,Never-married,Craft-repair,Not-in-family,White,Male,0,1590,40,United-States,<=50K
84,1445,34,Private,345705,HS-grad,9,Divorced,Craft-repair,Not-in-family,White,Male,0,1408,38,United-States,<=50K
85,2153,58,Private,234213,HS-grad,9,Divorced,Craft-repair,Not-in-family,White,Male,14344,0,48,United-States,>50K
86,2428,47,Private,164113,Some-college,10,Married-civ-spouse,Craft-repair,Husband,Black,Male,7688,0,40,United-States,>50K
87,2887,45,Private,192776,Bachelors,13,Married-civ-spouse,Craft-repair,Husband,White,Male,7298,0,55,United-States,>50K
88,3138,45,Private,362883,HS-grad,9,Married-civ-spouse,Craft-repair,Husband,White,Male,5013,0,40,United-States,<=50K
89,3394,50,Local-gov,50178,Some-college,10,Married-civ-spouse,Craft-repair,Husband,White,Male,4064,0,55,United-States,<=50K
90,3576,26,Federal-gov,95806,Some-college,10,Never-married,Craft-repair,Not-in-family,White,Male,3325,0,40,United-States,<=50K
91,3832,35,Self-emp-not-inc,77146,HS-grad,9,Married-civ-spouse,Craft-repair,Husband,White,Male,2829,0,45,United-States,<=50K
92,4465,33,Private,222205,HS-grad,9,Married-civ-spouse,Craft-repair,Wife,White,Female,0,0,40,United-States,>50K
93,4513,41,Private,206565,Some-college,10,Never-married,Craft-repair,Not-in-family,Black,Male,0,0,45,United-States,<=50K
94,5025,34,Private,175878,Some-college,10,Never-married,Craft-repair,Not-in-family,White,Male,0,0,40,United-States,<=50K
95,6152,22,Private,228452,10th,6,Never-married,Craft-repair,Not-in-family,White,Male,0,0,30,United-States,<=50K
96,7113,41,Private,231689,HS-grad,9,Married-civ-spouse,Craft-repair,Husband,White,Male,0,0,40,United-States,>50K
97,7429,26,Private,290286,HS-grad,9,Never-married,Craft-repair,Not-in-family,Black,Male,0,0,40,United-States,<=50K
98,7727,35,Private,87556,HS-grad,9,Divorced,Craft-repair,Not-in-family,White,Male,0,0,40,United-States,<=50K
99,7767,28,Private,407672,Some-college,10,Divorced,Craft-repair,Unmarried,White,Female,0,0,40,United-States,<=50K
100,8913,29,Private,88432,Assoc-voc,11,Married-civ-spouse,Craft-repair,Husband,White,Male,0,0,50,United-States,<=50K
101,9388,52,Private,124993,HS-grad,9,Never-married,Craft-repair,Own-child,White,Male,0,0,55,United-States,<=50K
102,10468,36,Self-emp-not-inc,122493,HS-grad,9,Married-civ-spouse,Craft-repair,Husband,White,Male,0,0,47,United-States,<=50K
103,14776,45,Self-emp-inc,281911,HS-grad,9,Married-civ-spouse,Craft-repair,Husband,White,Male,0,0,48,United-States,<=50K
104,15957,31,Private,215297,HS-grad,9,Married-civ-spouse,Craft-repair,Husband,White,Male,0,0,45,United-States,<=50K
105,16611,57,Self-emp-not-inc,34297,7th-8th,4,Married-civ-spouse,Craft-repair,Husband,White,Male,0,0,40,United-States,>50K
106,16618,48,Private,94342,Bachelors,13,Married-civ-spouse,Craft-repair,Husband,White,Male,0,0,55,United-States,<=50K
107,16964,57,Private,200316,Some-college,10,Married-civ-spouse,Craft-repair,Husband,White,Male,0,0,40,United-States,>50K
108,17991,24,Private,224716,HS-grad,9,Never-married,Craft-repair,Own-child,White,Male,0,0,40,United-States,<=50K
109,20406,24,Private,410439,Some-college,10,Never-married,Craft-repair,Own-child,White,Male,0,0,15,United-States,<=50K
110,20592,35,Self-emp-not-inc,157473,HS-grad,9,Married-civ-spouse,Craft-repair,Husband,White,Male,0,0,40,United-States,<=50K
111,21289,55,Self-emp-not-inc,193374,HS-grad,9,Divorced,Craft-repair,Not-in-family,White,Male,0,0,40,United-States,<=50K
112,22861,35,Private,187711,HS-grad,9,Married-civ-spouse,Craft-repair,Husband,White,Male,0,0,40,United-States,<=50K
113,23081,38,Private,131808,Assoc-voc,11,Divorced,Craft-repair,Unmarried,White,Male,0,0,40,United-States,<=50K
114,23590,25,Private,476334,Some-college,10,Married-civ-spouse,Craft-repair,Husband,White,Male,0,0,40,United-States,<=50K
115,24160,40,Private,77247,12th,8,Married-civ-spouse,Craft-repair,Husband,White,Male,0,0,50,United-States,>50K
116,25789,26,Private,476558,7th-8th,4,Never-married,Craft-repair,Not-in-family,White,Male,0,0,40,Mexico,<=50K
117,26745,45,Self-emp-not-inc,246891,Masters,14,Divorced,Craft-repair,Not-in-family,White,Male,0,0,40,United-States,<=50K
118,28061,45,State-gov,264052,HS-grad,9,Married-civ-spouse,Craft-repair,Husband,White,Male,0,0,40,United-States,<=50K
119,28134,54,Private,186117,Bachelors,13,Married-civ-spouse,Craft-repair,Husband,White,Male,0,0,45,United-States,>50K
120,28642,38,Private,109231,HS-grad,9,Married-civ-spouse,Craft-repair,Husband,White,Male,0,0,40,United-States,<=50K
121,28855,34,Private,192900,Some-college,10,Married-civ-spouse,Craft-repair,Husband,White,Male,0,0,40,United-States,>50K
122,28866,57,Self-emp-not-inc,287229,HS-grad,9,Married-civ-spouse,Craft-repair,Husband,White,Male,0,0,48,United-States,>50K
123,29273,50,Self-emp-not-inc,183915,Bachelors,13,Married-civ-spouse,Craft-repair,Husband,White,Male,0,0,45,United-States,>50K
124,29294,37,Private,121772,HS-grad,9,Never-married,Craft-repair,Not-in-family,Asian-Pac-Islander,Male,0,0,40,Hong,<=50K
125,30114,50,Self-emp-not-inc,124793,Some-college,10,Married-civ-spouse,Craft-repair,Husband,White,Male,0,0,55,United-States,<=50K
126,30141,54,Self-emp-not-inc,156800,Bachelors,13,Married-civ-spouse,Craft-repair,Husband,White,Male,0,0,50,United-States,<=50K
127,30183,25,Private,230292,HS-grad,9,Married-civ-spouse,Craft-repair,Husband,White,Male,0,0,40,United-States,<=50K
128,30643,41,Local-gov,134524,Assoc-voc,11,Divorced,Craft-repair,Unmarried,White,Female,0,0,45,United-States,<=50K
129,30726,36,Private,255454,HS-grad,9,Never-married,Craft-repair,Own-child,Black,Male,0,0,30,United-States,<=50K
130,30848,24,Private,176389,HS-grad,9,Married-civ-spouse,Craft-repair,Husband,White,Male,0,0,40,United-States,<=50K
131,31471,39,Private,104089,Assoc-voc,11,Married-civ-spouse,Craft-repair,Husband,White,Male,0,0,50,United-States,>50K
132,32483,35,Private,30673,12th,8,Married-civ-spouse,Craft-repair,Husband,White,Male,0,0,84,United-States,<=50K
133,2446,61,Private,230292,Some-college,10,Married-civ-spouse,Adm-clerical,Husband,White,Male,7688,0,40,United-States,>50K
134,2787,38,Private,297449,Bachelors,13,Married-civ-spouse,Adm-clerical,Husband,White,Male,7298,0,50,United-States,>50K
135,2979,68,Private,50351,Masters,14,Never-married,Adm-clerical,Not-in-family,White,Female,6360,0,20,United-States,<=50K
136,3450,35,Private,143152,Some-college,10,Married-civ-spouse,Adm-clerical,Wife,White,Female,3908,0,27,United-States,<=50K
137,3954,65,Private,105116,Some-college,10,Widowed,Adm-clerical,Not-in-family,White,Female,2346,0,40,United-States,<=50K
138,5397,47,Private,46857,Some-college,10,Divorced,Adm-clerical,Not-in-family,White,Male,0,0,40,United-States,<=50K
139,6520,19,Private,115248,Some-college,10,Never-married,Adm-clerical,Not-in-family,Asian-Pac-Islander,Male,0,0,40,Vietnam,<=50K
140,7772,23,Private,449432,Some-college,10,Never-married,Adm-clerical,Own-child,White,Male,0,0,40,United-States,<=50K
141,7976,32,Private,80058,HS-grad,9,Married-civ-spouse,Adm-clerical,Husband,White,Male,0,0,40,United-States,<=50K
142,8090,25,Self-emp-inc,86745,Bachelors,13,Never-married,Adm-clerical,Own-child,Asian-Pac-Islander,Female,0,0,40,United-States,<=50K
143,8936,56,State-gov,81954,HS-grad,9,Divorced,Adm-clerical,Not-in-family,White,Female,0,0,40,United-States,<=50K
144,10044,19,Private,120251,HS-grad,9,Never-married,Adm-clerical,Own-child,White,Female,0,0,14,United-States,<=50K
145,10281,47,Federal-gov,282830,Assoc-acdm,12,Married-civ-spouse,Adm-clerical,Husband,Black,Male,0,0,40,United-States,>50K
146,11192,45,Private,189802,Some-college,10,Divorced,Adm-clerical,Not-in-family,White,Female,0,0,40,United-States,<=50K
147,11407,43,Local-gov,311914,Some-college,10,Divorced,Adm-clerical,Not-in-family,White,Female,0,0,40,United-States,<=50K
148,11929,42,Private,266710,Some-college,10,Separated,Adm-clerical,Unmarried,Black,Female,0,0,41,United-States,<=50K
149,12672,26,State-gov,272986,Assoc-acdm,12,Never-married,Adm-clerical,Own-child,Black,Female,0,0,8,United-States,<=50K
150,13306,48,Private,73434,HS-grad,9,Married-civ-spouse,Adm-clerical,Wife,White,Female,0,0,40,Germany,>50K
151,13949,44,Private,300528,11th,7,Married-civ-spouse,Adm-clerical,Husband,White,Male,0,0,40,United-States,>50K
152,14307,45,Private,117556,Some-college,10,Divorced,Adm-clerical,Unmarried,Black,Female,0,0,32,United-States,<=50K
153,14459,23,Private,330571,Bachelors,13,Never-married,Adm-clerical,Own-child,White,Female,0,0,25,United-States,<=50K
154,16937,44,Private,77313,HS-grad,9,Divorced,Adm-clerical,Unmarried,White,Female,0,0,40,United-States,<=50K
155,17992,34,Private,186269,HS-grad,9,Divorced,Adm-clerical,Own-child,White,Male,0,0,40,United-States,<=50K
156,18099,65,Private,31924,Some-college,10,Widowed,Adm-clerical,Not-in-family,White,Female,0,0,15,United-States,<=50K
157,20461,43,Private,302041,HS-grad,9,Never-married,Adm-clerical,Not-in-family,Black,Female,0,0,40,United-States,<=50K
158,21154,36,Local-gov,32587,Some-college,10,Married-civ-spouse,Adm-clerical,Husband,Amer-Indian-Eskimo,Male,0,0,40,United-States,<=50K
159,22460,19,Private,231972,11th,7,Never-married,Adm-clerical,Own-child,White,Female,0,0,20,United-States,<=50K
160,22473,52,Private,72743,HS-grad,9,Married-spouse-absent,Adm-clerical,Not-in-family,White,Female,0,0,50,United-States,<=50K
161,23915,45,Local-gov,192684,Some-college,10,Divorced,Adm-clerical,Unmarried,Black,Female,0,0,38,United-States,<=50K
162,23983,21,Private,241367,Some-college,10,Never-married,Adm-clerical,Own-child,White,Male,0,0,10,United-States,<=50K
163,24111,31,Federal-gov,203488,Assoc-acdm,12,Never-married,Adm-clerical,Not-in-family,White,Male,0,0,40,United-States,<=50K
164,24833,53,Private,242859,Some-college,10,Separated,Adm-clerical,Own-child,White,Male,0,0,40,Cuba,<=50K
165,25465,43,Private,152617,Some-college,10,Divorced,Adm-clerical,Own-child,White,Female,0,0,40,United-States,<=50K
166,25506,40,Federal-gov,196456,Some-college,10,Never-married,Adm-clerical,Own-child,White,Female,0,0,40,United-States,<=50K
167,26194,39,Local-gov,164515,HS-grad,9,Divorced,Adm-clerical,Unmarried,White,Female,0,0,40,United-States,<=50K
168,27271,39,Private,234901,Assoc-acdm,12,Separated,Adm-clerical,Unmarried,White,Male,0,0,40,United-States,<=50K
169,27888,58,Federal-gov,139290,Bachelors,13,Married-civ-spouse,Adm-clerical,Husband,White,Male,0,0,40,United-States,>50K
170,28460,59,Federal-gov,100931,HS-grad,9,Married-civ-spouse,Adm-clerical,Husband,White,Male,0,0,40,United-States,>50K
171,28961,32,Federal-gov,402361,HS-grad,9,Never-married,Adm-clerical,Not-in-family,White,Male,0,0,40,United-States,<=50K
172,4078,19,Private,376683,Some-college,10,Never-married,Other-service,Unmarried,Black,Female,2036,0,30,United-States,<=50K
173,4160,17,Private,130125,10th,6,Never-married,Other-service,Own-child,Amer-Indian-Eskimo,Female,1055,0,20,United-States,<=50K
174,4935,47,Self-emp-not-inc,93208,HS-grad,9,Married-civ-spouse,Other-service,Wife,White,Female,0,0,75,Italy,<=50K
175,5544,47,State-gov,141483,9th,5,Divorced,Other-service,Not-in-family,White,Female,0,0,40,United-States,<=50K
176,5835,46,Private,187226,9th,5,Divorced,Other-service,Not-in-family,White,Male,0,0,25,United-States,<=50K
177,5855,22,Self-emp-not-inc,143062,HS-grad,9,Never-married,Other-service,Own-child,White,Male,0,0,40,Greece,<=50K
178,6033,37,Private,123211,HS-grad,9,Married-civ-spouse,Other-service,Husband,White,Male,0,0,44,United-States,>50K
179,9552,56,Private,87584,HS-grad,9,Widowed,Other-service,Unmarried,White,Female,0,0,40,United-States,<=50K
180,10289,31,Private,118161,HS-grad,9,Married-civ-spouse,Other-service,Husband,White,Male,0,0,40,United-States,<=50K
181,11329,32,Private,163530,HS-grad,9,Divorced,Other-service,Unmarried,Amer-Indian-Eskimo,Female,0,0,40,United-States,<=50K
182,15447,57,Private,139290,HS-grad,9,Divorced,Other-service,Not-in-family,White,Male,0,0,38,United-States,<=50K
183,15844,19,Private,212468,Some-college,10,Never-married,Other-service,Own-child,White,Female,0,0,15,United-States,<=50K
184,15956,43,Self-emp-not-inc,176069,HS-grad,9,Married-civ-spouse,Other-service,Wife,White,Female,0,0,16,United-States,<=50K
185,15995,52,Private,175622,Assoc-voc,11,Divorced,Other-service,Unmarried,White,Female,0,0,40,United-States,<=50K
186,16704,73,Self-emp-not-inc,130391,HS-grad,9,Never-married,Other-service,Not-in-family,White,Female,0,0,36,United-States,<=50K
187,17192,47,Private,274720,5th-6th,3,Married-civ-spouse,Other-service,Husband,Black,Male,0,0,40,Jamaica,<=50K
188,17343,23,Private,242375,HS-grad,9,Never-married,Other-service,Not-in-family,White,Female,0,0,30,United-States,<=50K
189,17899,57,Private,157974,HS-grad,9,Never-married,Other-service,Not-in-family,Black,Male,0,0,48,United-States,<=50K
190,18345,20,Private,379198,HS-grad,9,Never-married,Other-service,Other-relative,Other,Male,0,0,40,Mexico,<=50K
191,20121,44,Self-emp-not-inc,216921,10th,6,Married-civ-spouse,Other-service,Husband,White,Male,0,0,70,United-States,<=50K
192,20260,19,Private,214678,HS-grad,9,Never-married,Other-service,Own-child,White,Male,0,0,30,United-States,<=50K
193,21379,43,Local-gov,143046,Some-college,10,Divorced,Other-service,Unmarried,White,Female,0,0,20,United-States,<=50K
194,21720,38,Private,273640,HS-grad,9,Never-married,Other-service,Unmarried,White,Female,0,0,40,United-States,<=50K
195,21939,21,Private,122322,Some-college,10,Never-married,Other-service,Own-child,White,Female,0,0,60,United-States,<=50K
196,22289,24,Private,229553,HS-grad,9,Never-married,Other-service,Own-child,Black,Female,0,0,20,Unknown,<=50K
197,22495,27,Private,194690,9th,5,Never-married,Other-service,Own-child,White,Male,0,0,50,Mexico,<=50K
198,22676,27,Private,197905,Some-college,10,Married-civ-spouse,Other-service,Husband,White,Male,0,0,40,United-States,<=50K
199,22774,18,Private,137363,12th,8,Never-married,Other-service,Own-child,White,Female,0,0,20,United-States,<=50K
200,23542,39,Private,341741,Preschool,1,Never-married,Other-service,Not-in-family,White,Female,0,0,12,United-States,<=50K
201,24929,19,Private,35865,Some-college,10,Never-married,Other-service,Not-in-family,White,Female,0,0,30,United-States,<=50K
202,24974,29,Private,255817,5th-6th,3,Never-married,Other-service,Other-relative,White,Female,0,0,40,El-Salvador,<=50K
203,26518,55,Private,225365,HS-grad,9,Widowed,Other-service,Unmarried,White,Female,0,0,30,United-States,<=50K
204,30494,34,Private,93169,Some-college,10,Divorced,Other-service,Unmarried,Black,Female,0,0,40,United-States,<=50K
205,32486,64,State-gov,222966,7th-8th,4,Married-civ-spouse,Other-service,Wife,Black,Female,0,0,40,United-States,<=50K
206,285,32,Federal-gov,148138,Bachelors,13,Married-civ-spouse,Prof-specialty,Husband,Asian-Pac-Islander,Male,0,2002,40,Iran,<=50K
207,379,42,Self-emp-inc,123838,Prof-school,15,Married-civ-spouse,Prof-specialty,Husband,White,Male,0,1977,50,United-States,>50K
208,1531,26,Private,256000,Prof-school,15,Married-civ-spouse,Prof-specialty,Husband,White,Male,99999,0,60,United-States,>50K
209,1610,39,Private,190297,Doctorate,16,Married-civ-spouse,Prof-specialty,Husband,White,Male,99999,0,55,United-States,>50K
210,1769,66,Private,113323,Bachelors,13,Married-civ-spouse,Prof-specialty,Husband,White,Male,20051,0,40,United-States,>50K
211,2545,32,Self-emp-not-inc,37232,Prof-school,15,Married-civ-spouse,Prof-specialty,Husband,White,Male,7688,0,45,United-States,>50K
212,2653,58,Local-gov,311409,Masters,14,Married-civ-spouse,Prof-specialty,Husband,Black,Male,7688,0,30,United-States,>50K
213,6842,51,State-gov,172962,Doctorate,16,Married-civ-spouse,Prof-specialty,Husband,White,Male,0,0,40,United-States,>50K
214,6859,27,State-gov,28848,Bachelors,13,Never-married,Prof-specialty,Not-in-family,White,Male,0,0,9,United-States,<=50K
215,7625,52,Private,326156,Some-college,10,Divorced,Prof-specialty,Not-in-family,White,Male,0,0,40,United-States,>50K
216,7639,63,Local-gov,109849,Bachelors,13,Never-married,Prof-specialty,Not-in-family,Black,Female,0,0,21,United-States,<=50K
217,9141,37,State-gov,151322,Bachelors,13,Never-married,Prof-specialty,Not-in-family,White,Male,0,0,40,United-States,<=50K
218,9226,57,Self-emp-not-inc,102058,Masters,14,Married-civ-spouse,Prof-specialty,Husband,White,Male,0,0,40,United-States,>50K
219,10903,47,Private,30840,Masters,14,Divorced,Prof-specialty,Not-in-family,White,Male,0,0,40,United-States,>50K
220,11700,25,Private,105693,Bachelors,13,Never-married,Prof-specialty,Not-in-family,White,Female,0,0,40,United-States,<=50K
221,11856,49,State-gov,142856,HS-grad,9,Married-civ-spouse,Prof-specialty,Husband,White,Male,0,0,40,United-States,>50K
222,12212,34,Local-gov,207383,Masters,14,Widowed,Prof-specialty,Not-in-family,White,Female,0,0,40,United-States,<=50K
223,13740,20,Private,236592,12th,8,Never-married,Prof-specialty,Not-in-family,White,Female,0,0,35,Italy,<=50K
224,14381,36,Private,177285,Assoc-voc,11,Never-married,Prof-specialty,Unmarried,Black,Female,0,0,38,United-States,<=50K
225,14609,33,State-gov,163110,Bachelors,13,Never-married,Prof-specialty,Not-in-family,White,Male,0,0,20,United-States,<=50K
226,16307,42,Private,265698,Masters,14,Divorced,Prof-specialty,Unmarried,White,Female,0,0,40,United-States,<=50K
227,17718,51,Self-emp-not-inc,103257,Prof-school,15,Married-civ-spouse,Prof-specialty,Husband,White,Male,0,0,40,United-States,<=50K
228,19534,76,Private,278938,Bachelors,13,Widowed,Prof-specialty,Not-in-family,White,Female,0,0,20,United-States,<=50K
229,20453,43,Self-emp-not-inc,182217,Bachelors,13,Married-civ-spouse,Prof-specialty,Wife,White,Female,0,0,35,United-States,<=50K
230,22566,26,Local-gov,265230,Bachelors,13,Never-married,Prof-specialty,Not-in-family,Black,Female,0,0,40,United-States,<=50K
231,24283,48,Private,109421,Bachelors,13,Married-civ-spouse,Prof-specialty,Husband,White,Male,0,0,55,United-States,<=50K
232,25142,43,Private,216685,HS-grad,9,Married-civ-spouse,Prof-specialty,Wife,White,Female,0,0,35,United-States,<=50K
233,25883,61,Private,34632,12th,8,Married-spouse-absent,Prof-specialty,Not-in-family,White,Male,0,0,40,United-States,<=50K
234,26909,52,Local-gov,155141,Doctorate,16,Married-civ-spouse,Prof-specialty,Wife,White,Female,0,0,40,United-States,>50K
235,27233,38,Self-emp-not-inc,239045,Doctorate,16,Married-civ-spouse,Prof-specialty,Husband,White,Male,0,0,50,United-States,>50K
236,27675,46,Self-emp-inc,201865,Prof-school,15,Married-civ-spouse,Prof-specialty,Husband,White,Male,0,0,60,United-States,>50K
237,29358,30,Private,212064,Bachelors,13,Never-married,Prof-specialty,Own-child,White,Female,0,0,40,United-States,<=50K
238,29882,35,Private,281982,Some-college,10,Married-civ-spouse,Prof-specialty,Husband,White,Male,0,0,40,United-States,>50K
239,30104,32,Private,79586,Bachelors,13,Married-civ-spouse,Prof-specialty,Husband,Asian-Pac-Islander,Male,0,0,40,India,<=50K
240,30129,36,Private,30509,Some-college,10,Divorced,Prof-specialty,Unmarried,White,Female,0,0,45,United-States,<=50K
241,30216,40,Private,117917,HS-grad,9,Married-civ-spouse,Prof-specialty,Husband,Amer-Indian-Eskimo,Male,0,0,50,United-States,<=50K
242,30576,62,Private,223975,7th-8th,4,Married-civ-spouse,Prof-specialty,Husband,White,Male,0,0,20,United-States,<=50K
243,30658,41,Local-gov,184466,Masters,14,Married-civ-spouse,Prof-specialty,Husband,White,Male,0,0,38,United-States,>50K
244,30754,46,Private,295334,Doctorate,16,Married-civ-spouse,Prof-specialty,Husband,White,Male,0,0,60,United-States,>50K
245,31322,48,State-gov,78529,Masters,14,Separated,Prof-specialty,Not-in-family,White,Male,0,0,60,United-States,<=50K
246,32351,48,Private,123075,Doctorate,16,Married-civ-spouse,Prof-specialty,Husband,White,Male,0,0,45,United-States,>50K
247,3261,32,Private,112137,Preschool,1,Married-civ-spouse,Machine-op-inspct,Wife,Asian-Pac-Islander,Female,4508,0,40,Cambodia,<=50K
248,3644,53,Private,150980,Some-college,10,Married-civ-spouse,Machine-op-inspct,Husband,White,Male,3137,0,40,United-States,<=50K
249,3863,39,Private,117166,10th,6,Married-civ-spouse,Machine-op-inspct,Husband,White,Male,2635,0,40,United-States,<=50K
250,4037,48,Private,245948,HS-grad,9,Never-married,Machine-op-inspct,Not-in-family,Black,Female,2174,0,40,United-States,<=50K
251,5940,29,Private,421065,HS-grad,9,Never-married,Machine-op-inspct,Not-in-family,White,Male,0,0,48,United-States,<=50K
252,9319,20,Private,482732,10th,6,Never-married,Machine-op-inspct,Not-in-family,White,Male,0,0,40,United-States,<=50K
253,9420,49,Private,115784,HS-grad,9,Married-civ-spouse,Machine-op-inspct,Husband,White,Male,0,0,40,United-States,<=50K
254,10440,29,Private,247151,11th,7,Divorced,Machine-op-inspct,Unmarried,White,Female,0,0,40,United-States,<=50K
255,11052,38,Private,120074,Bachelors,13,Married-civ-spouse,Machine-op-inspct,Husband,White,Male,0,0,50,United-States,>50K
256,11643,41,Private,111891,HS-grad,9,Separated,Machine-op-inspct,Other-relative,Black,Female,0,0,40,United-States,<=50K
257,11692,41,Private,209547,HS-grad,9,Never-married,Machine-op-inspct,Not-in-family,White,Male,0,0,40,United-States,<=50K
258,11933,47,Private,181652,HS-grad,9,Married-civ-spouse,Machine-op-inspct,Wife,White,Female,0,0,40,United-States,<=50K
259,12726,78,Private,111189,7th-8th,4,Never-married,Machine-op-inspct,Not-in-family,White,Female,0,0,35,Dominican-Republic,<=50K
260,12803,53,Private,145409,HS-grad,9,Married-civ-spouse,Machine-op-inspct,Husband,White,Male,0,0,40,United-States,>50K
261,15273,25,Private,177625,HS-grad,9,Never-married,Machine-op-inspct,Not-in-family,White,Male,0,0,40,United-States,<=50K
262,17405,47,Private,341762,HS-grad,9,Married-civ-spouse,Machine-op-inspct,Husband,White,Male,0,0,40,United-States,<=50K
263,18510,25,Private,188507,7th-8th,4,Never-married,Machine-op-inspct,Other-relative,White,Female,0,0,40,Dominican-Republic,<=50K
264,19474,36,Private,192614,HS-grad,9,Divorced,Machine-op-inspct,Not-in-family,White,Male,0,0,56,United-States,<=50K
265,20684,41,Private,223548,1st-4th,2,Married-civ-spouse,Machine-op-inspct,Husband,White,Male,0,0,40,Mexico,<=50K
266,22141,32,Private,26803,Some-college,10,Married-civ-spouse,Machine-op-inspct,Husband,White,Male,0,0,84,United-States,>50K
267,23948,39,Private,122032,Assoc-voc,11,Never-married,Machine-op-inspct,Not-in-family,White,Male,0,0,40,United-States,<=50K
268,24123,21,Private,166851,HS-grad,9,Never-married,Machine-op-inspct,Other-relative,White,Male,0,0,40,United-States,<=50K
269,25416,55,Private,148773,10th,6,Married-civ-spouse,Machine-op-inspct,Husband,White,Male,0,0,40,United-States,<=50K
270,27485,55,Private,164857,Some-college,10,Divorced,Machine-op-inspct,Own-child,White,Male,0,0,40,United-States,<=50K
271,27502,30,Private,275632,HS-grad,9,Married-civ-spouse,Machine-op-inspct,Husband,White,Male,0,0,45,United-States,<=50K
272,29801,22,Private,283969,HS-grad,9,Never-married,Machine-op-inspct,Own-child,White,Male,0,0,40,Mexico,<=50K
273,30015,37,Private,314963,Some-college,10,Married-civ-spouse,Machine-op-inspct,Husband,White,Male,0,0,40,United-States,<=50K
274,31539,50,Private,201882,Masters,14,Married-civ-spouse,Machine-op-inspct,Husband,White,Male,0,0,30,United-States,<=50K
275,368,55,Private,153484,Masters,14,Married-civ-spouse,Exec-managerial,Husband,White,Male,0,1977,50,United-States,>50K
276,1521,52,Private,152234,HS-grad,9,Married-civ-spouse,Exec-managerial,Husband,Asian-Pac-Islander,Male,99999,0,40,Japan,>50K
277,1709,36,Private,329980,Bachelors,13,Never-married,Exec-managerial,Not-in-family,White,Male,27828,0,40,United-States,>50K
278,1873,37,Private,108140,Masters,14,Married-civ-spouse,Exec-managerial,Husband,White,Male,15024,0,45,United-States,>50K
279,2585,51,State-gov,231495,Doctorate,16,Married-civ-spouse,Exec-managerial,Husband,White,Male,7688,0,55,United-States,>50K
280,3251,50,Local-gov,191025,Masters,14,Divorced,Exec-managerial,Not-in-family,White,Female,4650,0,70,United-States,<=50K
281,4130,66,Self-emp-inc,150726,9th,5,Married-civ-spouse,Exec-managerial,Husband,White,Male,1409,0,1,Unknown,<=50K
282,4506,39,Self-emp-not-inc,174308,HS-grad,9,Married-civ-spouse,Exec-managerial,Husband,White,Male,0,0,40,United-States,<=50K
283,4830,41,Private,195124,Masters,14,Never-married,Exec-managerial,Not-in-family,White,Male,0,0,35,Dominican-Republic,<=50K
284,5734,42,Private,182342,Some-college,10,Widowed,Exec-managerial,Not-in-family,White,Female,0,0,55,United-States,<=50K
285,5743,53,Self-emp-not-inc,196328,HS-grad,9,Married-civ-spouse,Exec-managerial,Husband,Black,Male,0,0,45,United-States,>50K
286,6593,41,Private,194710,HS-grad,9,Never-married,Exec-managerial,Not-in-family,White,Female,0,0,40,United-States,<=50K
287,8133,49,Private,149337,Bachelors,13,Married-civ-spouse,Exec-managerial,Husband,White,Male,0,0,40,United-States,>50K
288,8380,34,Private,164190,Bachelors,13,Married-civ-spouse,Exec-managerial,Husband,White,Male,0,0,40,United-States,<=50K
289,9623,32,Private,251243,Some-college,10,Divorced,Exec-managerial,Not-in-family,White,Female,0,0,50,United-States,>50K
290,10780,26,Private,224361,HS-grad,9,Never-married,Exec-managerial,Not-in-family,White,Male,0,0,40,United-States,<=50K
291,12221,36,Private,290560,Some-college,10,Married-civ-spouse,Exec-managerial,Husband,White,Male,0,0,45,United-States,<=50K
292,13067,28,Private,138692,Bachelors,13,Married-civ-spouse,Exec-managerial,Husband,White,Male,0,0,40,United-States,>50K
293,13414,19,Private,278480,Some-college,10,Never-married,Exec-managerial,Not-in-family,White,Male,0,0,40,United-States,<=50K
294,13447,57,Self-emp-inc,124137,Some-college,10,Married-civ-spouse,Exec-managerial,Husband,White,Male,0,0,40,United-States,<=50K
295,16450,57,Self-emp-inc,195835,HS-grad,9,Married-civ-spouse,Exec-managerial,Husband,White,Male,0,0,40,United-States,<=50K
296,18055,37,Private,79586,Bachelors,13,Married-civ-spouse,Exec-managerial,Husband,Asian-Pac-Islander,Male,0,0,40,Iran,<=50K
297,20989,40,Private,126701,Bachelors,13,Married-spouse-absent,Exec-managerial,Not-in-family,White,Male,0,0,40,United-States,>50K
298,22560,31,Private,364657,Some-college,10,Married-civ-spouse,Exec-managerial,Husband,White,Male,0,0,50,Germany,>50K
299,22885,52,Local-gov,35092,Doctorate,16,Married-civ-spouse,Exec-managerial,Husband,White,Male,0,0,40,United-States,>50K
300,24350,46,Private,278322,Assoc-voc,11,Married-civ-spouse,Exec-managerial,Husband,White,Male,0,0,40,United-States,>50K
301,27728,43,Self-emp-inc,240504,Some-college,10,Married-civ-spouse,Exec-managerial,Husband,White,Male,0,0,70,United-States,>50K
302,29960,48,Self-emp-not-inc,82098,Some-college,10,Married-civ-spouse,Exec-managerial,Husband,Asian-Pac-Islander,Male,0,0,65,United-States,<=50K
303,31402,27,Self-emp-not-inc,120126,Some-college,10,Married-civ-spouse,Exec-managerial,Husband,White,Male,0,0,40,United-States,<=50K
304,2223,55,Unknown,141807,HS-grad,9,Never-married,Unknown,Not-in-family,White,Male,13550,0,40,United-States,>50K
305,2923,35,Unknown,296738,11th,7,Separated,Unknown,Not-in-family,White,Female,6849,0,60,United-States,<=50K
306,16014,32,Unknown,227160,Some-college,10,Divorced,Unknown,Not-in-family,White,Male,0,0,40,United-States,<=50K
307,17486,62,Unknown,232719,Masters,14,Married-civ-spouse,Unknown,Husband,White,Male,0,0,50,United-States,<=50K
308,18274,20,Unknown,369678,HS-grad,9,Never-married,Unknown,Not-in-family,Other,Male,0,0,43,United-States,<=50K
309,23417,42,Unknown,195124,HS-grad,9,Married-civ-spouse,Unknown,Husband,White,Male,0,0,60,Dominican-Republic,<=50K
310,25029,67,Unknown,200862,10th,6,Never-married,Unknown,Not-in-family,Black,Female,0,0,35,United-States,<=50K
311,26928,40,Unknown,165309,7th-8th,4,Separated,Unknown,Not-in-family,White,Female,0,0,8,United-States,<=50K
312,28357,60,Unknown,88675,HS-grad,9,Married-civ-spouse,Unknown,Husband,White,Male,0,0,40,United-States,<=50K
313,28875,36,Unknown,504871,HS-grad,9,Married-civ-spouse,Unknown,Husband,White,Male,0,0,40,United-States,>50K
314,30888,21,Unknown,242736,Assoc-acdm,12,Never-married,Unknown,Own-child,White,Female,0,0,40,United-States,<=50K
315,32070,60,Unknown,268954,Some-college,10,Married-civ-spouse,Unknown,Husband,White,Male,0,0,12,United-States,>50K
4082,4083,69,Private,177374,HS-grad,9,Widowed,Adm-clerical,Unmarried,White,Female,1848,0,12,United-States,<=50K
17562,17563,67,Unknown,92061,HS-grad,9,Widowed,Unknown,Other-relative,White,Female,0,0,8,United-States,<=50K
18644,18645,35,Private,112512,HS-grad,9,Widowed,Other-service,Own-child,White,Female,0,0,40,United-States,<=50K
20708,20709,58,Unknown,37591,Bachelors,13,Widowed,Unknown,Not-in-family,White,Female,0,0,40,United-States,<=50K
22147,22148,67,Self-emp-inc,116517,Bachelors,13,Widowed,Other-service,Unmarried,White,Female,0,0,35,United-States,<=50K
25258,25259,56,Private,201344,Some-college,10,Widowed,Craft-repair,Unmarried,White,Female,0,0,38,United-States,<=50K
169,170,46,State-gov,192779,Assoc-acdm,12,Divorced,Adm-clerical,Unmarried,White,Male,0,2258,38,United-States,>50K
344,345,56,Private,34626,Some-college,10,Divorced,Exec-managerial,Not-in-family,White,Female,0,1980,40,United-States,<=50K
1490,1491,34,Private,60567,11th,7,Divorced,Transport-moving,Unmarried,White,Male,0,880,60,United-States,<=50K
3541,3542,29,Unknown,339100,11th,7,Divorced,Unknown,Not-in-family,White,Female,3418,0,48,United-States,<=50K
4826,4827,34,Private,136721,HS-grad,9,Divorced,Exec-managerial,Not-in-family,White,Female,0,0,40,United-States,<=50K
5132,5133,34,Private,289984,HS-grad,9,Divorced,Priv-house-serv,Unmarried,Black,Female,0,0,30,United-States,<=50K
6150,6151,53,Private,227602,HS-grad,9,Divorced,Sales,Not-in-family,White,Female,0,0,37,Mexico,<=50K
6175,6176,58,Self-emp-not-inc,164065,Masters,14,Divorced,Sales,Not-in-family,White,Male,0,0,18,United-States,<=50K
7082,7083,31,Private,189461,Assoc-acdm,12,Divorced,Adm-clerical,Unmarried,White,Female,0,0,41,United-States,<=50K
8054,8055,38,Self-emp-not-inc,357962,9th,5,Divorced,Craft-repair,Not-in-family,White,Male,0,0,40,United-States,<=50K
8187,8188,33,Private,191856,Some-college,10,Divorced,Adm-clerical,Not-in-family,White,Female,0,0,40,United-States,<=50K
8294,8295,55,Self-emp-not-inc,168625,Some-college,10,Divorced,Tech-support,Not-in-family,White,Female,0,0,12,United-States,>50K
8407,8408,31,Private,193650,11th,7,Divorced,Other-service,Not-in-family,White,Female,0,0,40,United-States,<=50K
9220,9221,47,Private,176140,HS-grad,9,Divorced,Exec-managerial,Unmarried,Black,Female,0,0,40,United-States,>50K
9442,9443,40,Private,91836,HS-grad,9,Divorced,Craft-repair,Not-in-family,White,Male,0,0,45,United-States,<=50K
9796,9797,55,Private,147653,Bachelors,13,Divorced,Adm-clerical,Unmarried,White,Female,0,0,73,United-States,<=50K
9837,9838,51,Private,145114,HS-grad,9,Divorced,Adm-clerical,Not-in-family,White,Female,0,0,40,United-States,<=50K
10199,10200,22,Private,190483,Some-college,10,Divorced,Sales,Own-child,White,Female,0,0,48,Iran,<=50K
10860,10861,35,Private,133906,HS-grad,9,Divorced,Adm-clerical,Unmarried,White,Female,0,0,40,United-States,<=50K
11219,11220,34,Private,176831,Bachelors,13,Divorced,Prof-specialty,Unmarried,White,Female,0,0,40,United-States,>50K
13900,13901,55,Private,220262,HS-grad,9,Divorced,Sales,Not-in-family,White,Female,0,0,40,United-States,<=50K
14032,14033,40,Self-emp-not-inc,33658,HS-grad,9,Divorced,Craft-repair,Not-in-family,White,Male,0,0,40,United-States,<=50K
16387,16388,45,Private,140664,Assoc-acdm,12,Divorced,Transport-moving,Not-in-family,White,Male,0,0,55,United-States,<=50K
18247,18248,58,Private,212864,HS-grad,9,Divorced,Handlers-cleaners,Not-in-family,White,Male,0,0,40,United-States,<=50K
18554,18555,44,Self-emp-not-inc,109684,Masters,14,Divorced,Exec-managerial,Unmarried,White,Female,0,0,40,United-States,<=50K
18679,18680,40,State-gov,151038,Bachelors,13,Divorced,Craft-repair,Not-in-family,White,Male,0,0,40,United-States,<=50K
20021,20022,46,Private,98012,Assoc-voc,11,Divorced,Adm-clerical,Not-in-family,White,Female,0,0,40,United-States,<=50K
20235,20236,39,Private,216149,Prof-school,15,Divorced,Prof-specialty,Not-in-family,White,Male,0,0,70,United-States,>50K
20437,20438,31,Private,217460,HS-grad,9,Divorced,Craft-repair,Not-in-family,White,Male,0,0,45,United-States,<=50K
20466,20467,48,Private,208748,5th-6th,3,Divorced,Machine-op-inspct,Unmarried,Other,Female,0,0,40,Dominican-Republic,<=50K
22763,22764,39,Private,90646,Assoc-voc,11,Divorced,Adm-clerical,Unmarried,White,Female,0,0,40,United-States,<=50K
23652,23653,33,Local-gov,100734,HS-grad,9,Divorced,Tech-support,Not-in-family,White,Female,0,0,55,United-States,<=50K
24697,24698,40,Self-emp-not-inc,98985,HS-grad,9,Divorced,Exec-managerial,Not-in-family,Black,Male,0,0,50,United-States,<=50K
24921,24922,62,Local-gov,114045,HS-grad,9,Divorced,Other-service,Not-in-family,White,Female,0,0,35,United-States,<=50K
25148,25149,41,Private,152636,HS-grad,9,Divorced,Craft-repair,Unmarried,White,Female,0,0,50,United-States,<=50K
28521,28522,45,Private,206947,HS-grad,9,Divorced,Adm-clerical,Not-in-family,White,Female,0,0,50,United-States,<=50K
28923,28924,49,Private,208978,HS-grad,9,Divorced,Adm-clerical,Unmarried,White,Female,0,0,16,United-States,<=50K
29836,29837,30,Private,178587,Assoc-voc,11,Divorced,Adm-clerical,Not-in-family,White,Female,0,0,38,United-States,<=50K
3275,3276,49,Private,173115,10th,6,Separated,Exec-managerial,Not-in-family,Black,Male,4416,0,99,United-States,<=50K
6528,6529,41,Private,176069,HS-grad,9,Separated,Machine-op-inspct,Unmarried,White,Female,0,0,40,United-States,<=50K
9057,9058,30,Private,303867,HS-grad,9,Separated,Transport-moving,Not-in-family,White,Male,0,0,44,United-States,<=50K
9213,9214,42,Private,196001,HS-grad,9,Separated,Adm-clerical,Unmarried,White,Female,0,0,40,United-States,<=50K
10379,10380,28,Unknown,291374,HS-grad,9,Separated,Unknown,Unmarried,Black,Female,0,0,30,United-States,<=50K
11477,11478,53,Private,20438,Some-college,10,Separated,Exec-managerial,Unmarried,Amer-Indian-Eskimo,Female,0,0,15,United-States,<=50K
13219,13220,31,Private,334744,HS-grad,9,Separated,Transport-moving,Not-in-family,White,Male,0,0,40,United-States,<=50K
13560,13561,20,Private,194504,Some-college,10,Separated,Sales,Unmarried,Black,Female,0,0,40,United-States,<=50K
14090,14091,42,State-gov,126094,HS-grad,9,Separated,Adm-clerical,Unmarried,White,Male,0,0,39,United-States,<=50K
14562,14563,34,Private,581071,HS-grad,9,Separated,Adm-clerical,Not-in-family,White,Male,0,0,48,United-States,>50K
15803,15804,36,Private,127809,HS-grad,9,Separated,Other-service,Unmarried,Black,Female,0,0,30,United-States,<=50K
17806,17807,36,Private,285865,Assoc-acdm,12,Separated,Other-service,Unmarried,Black,Female,0,0,32,United-States,<=50K
21228,21229,31,Private,198953,Some-college,10,Separated,Adm-clerical,Unmarried,Black,Female,0,0,38,United-States,<=50K
23585,23586,33,Private,100154,10th,6,Separated,Handlers-cleaners,Not-in-family,White,Male,0,0,40,United-States,<=50K
23705,23706,26,Unknown,137951,10th,6,Separated,Unknown,Other-relative,White,Female,0,0,40,Puerto-Rico,<=50K
25436,25437,26,Private,94392,11th,7,Separated,Other-service,Unmarried,White,Female,0,0,20,United-States,<=50K
26400,26401,40,Private,155767,HS-grad,9,Separated,Machine-op-inspct,Unmarried,White,Male,0,0,40,United-States,<=50K
26609,26610,34,Private,329587,10th,6,Separated,Other-service,Not-in-family,White,Female,0,0,35,United-States,<=50K
26696,26697,45,Local-gov,235431,HS-grad,9,Separated,Other-service,Unmarried,Black,Female,0,0,40,United-States,<=50K
28230,28231,30,Private,396538,HS-grad,9,Separated,Exec-managerial,Unmarried,White,Female,0,0,29,United-States,<=50K
1233,1234,21,Private,180339,Assoc-voc,11,Never-married,Farming-fishing,Not-in-family,White,Female,0,1602,30,United-States,<=50K
1243,1244,18,Private,414721,11th,7,Never-married,Other-service,Own-child,Black,Male,0,1602,23,United-States,<=50K
1381,1382,34,Self-emp-not-inc,156809,Some-college,10,Never-married,Craft-repair,Not-in-family,White,Male,0,1504,60,United-States,<=50K
2174,2175,36,Private,111499,Masters,14,Never-married,Exec-managerial,Not-in-family,White,Female,14084,0,40,United-States,>50K
4158,4159,19,Unknown,37332,HS-grad,9,Never-married,Unknown,Own-child,White,Female,1055,0,12,United-States,<=50K
4223,4224,77,Self-emp-not-inc,145329,HS-grad,9,Never-married,Machine-op-inspct,Not-in-family,White,Male,401,0,20,United-States,<=50K
4709,4710,28,Private,184831,Some-college,10,Never-married,Craft-repair,Unmarried,White,Male,0,0,40,United-States,<=50K
5193,5194,37,State-gov,60227,Bachelors,13,Never-married,Adm-clerical,Not-in-family,White,Male,0,0,38,United-States,<=50K
5227,5228,25,Private,241626,HS-grad,9,Never-married,Other-service,Own-child,White,Male,0,0,30,United-States,<=50K
5359,5360,29,Private,419721,HS-grad,9,Never-married,Other-service,Unmarried,Black,Female,0,0,40,Japan,<=50K
5444,5445,40,Private,260696,HS-grad,9,Never-married,Adm-clerical,Not-in-family,White,Female,0,0,40,United-States,<=50K
5697,5698,35,Private,168817,HS-grad,9,Never-married,Machine-op-inspct,Not-in-family,White,Male,0,0,40,United-States,<=50K
6143,6144,27,Private,158156,HS-grad,9,Never-married,Other-service,Not-in-family,White,Female,0,0,42,United-States,<=50K
6662,6663,22,Private,130356,Some-college,10,Never-married,Machine-op-inspct,Own-child,White,Male,0,0,48,United-States,<=50K
6668,6669,23,Private,325596,Some-college,10,Never-married,Machine-op-inspct,Not-in-family,White,Male,0,0,40,United-States,<=50K
7903,7904,34,Private,456399,Assoc-acdm,12,Never-married,Prof-specialty,Not-in-family,White,Male,0,0,40,United-States,<=50K
7994,7995,18,Private,80163,Some-college,10,Never-married,Sales,Own-child,White,Female,0,0,20,United-States,<=50K
8040,8041,25,Private,198163,HS-grad,9,Never-married,Exec-managerial,Own-child,White,Female,0,0,40,United-States,<=50K
9098,9099,35,Private,204527,Masters,14,Never-married,Craft-repair,Not-in-family,White,Male,0,0,50,United-States,>50K
9215,9216,30,Private,72630,Bachelors,13,Never-married,Prof-specialty,Not-in-family,White,Male,0,0,50,United-States,<=50K
9391,9392,26,Private,213799,10th,6,Never-married,Handlers-cleaners,Not-in-family,White,Male,0,0,40,United-States,<=50K
9407,9408,18,Private,78817,HS-grad,9,Never-married,Adm-clerical,Own-child,White,Female,0,0,20,United-States,<=50K
9775,9776,30,Private,179112,Bachelors,13,Never-married,Prof-specialty,Own-child,Black,Male,0,0,40,Unknown,<=50K
10224,10225,22,Private,245524,12th,8,Never-married,Other-service,Not-in-family,White,Male,0,0,35,United-States,<=50K
10274,10275,26,Private,134287,Assoc-voc,11,Never-married,Sales,Own-child,White,Female,0,0,35,United-States,<=50K
10726,10727,19,Private,331556,10th,6,Never-married,Other-service,Not-in-family,White,Female,0,0,40,United-States,<=50K
11443,11444,17,Private,342752,11th,7,Never-married,Handlers-cleaners,Own-child,White,Male,0,0,20,United-States,<=50K
11594,11595,25,Private,359985,5th-6th,3,Never-married,Adm-clerical,Not-in-family,White,Female,0,0,33,Mexico,<=50K
11775,11776,27,Private,199903,Bachelors,13,Never-married,Prof-specialty,Not-in-family,White,Female,0,0,40,United-States,<=50K
12277,12278,26,Federal-gov,211596,Masters,14,Never-married,Prof-specialty,Not-in-family,White,Male,0,0,40,United-States,<=50K
12285,12286,21,Private,72593,HS-grad,9,Never-married,Other-service,Own-child,White,Male,0,0,40,United-States,<=50K
12893,12894,39,Private,149943,Masters,14,Never-married,Sales,Not-in-family,Asian-Pac-Islander,Male,0,0,40,China,<=50K
13195,13196,19,Private,187570,HS-grad,9,Never-married,Craft-repair,Own-child,White,Male,0,0,20,United-States,<=50K
13320,13321,34,Private,143392,HS-grad,9,Never-married,Sales,Own-child,White,Female,0,0,40,United-States,<=50K
13322,13323,22,Self-emp-inc,150683,HS-grad,9,Never-married,Machine-op-inspct,Own-child,White,Male,0,0,24,United-States,<=50K
13356,13357,18,Private,243900,HS-grad,9,Never-married,Adm-clerical,Own-child,White,Female,0,0,15,United-States,<=50K
15929,15930,25,Private,172581,Bachelors,13,Never-married,Prof-specialty,Not-in-family,White,Female,0,0,40,United-States,<=50K
15930,15931,26,Private,483822,7th-8th,4,Never-married,Handlers-cleaners,Unmarried,White,Male,0,0,40,Guatemala,<=50K
16026,16027,19,Unknown,291509,12th,8,Never-married,Unknown,Own-child,White,Male,0,0,28,United-States,<=50K
16487,16488,31,Private,227325,Some-college,10,Never-married,Craft-repair,Not-in-family,White,Male,0,0,40,United-States,<=50K
17556,17557,24,Private,195808,Some-college,10,Never-married,Machine-op-inspct,Own-child,White,Male,0,0,40,United-States,<=50K
17899,17900,33,Private,183000,Some-college,10,Never-married,Other-service,Not-in-family,White,Male,0,0,24,United-States,<=50K
18181,18182,24,Private,163595,HS-grad,9,Never-married,Machine-op-inspct,Own-child,White,Male,0,0,40,United-States,<=50K
18214,18215,23,Unknown,154921,5th-6th,3,Never-married,Unknown,Not-in-family,White,Male,0,0,50,United-States,<=50K
18308,18309,34,Private,295922,Some-college,10,Never-married,Machine-op-inspct,Not-in-family,White,Male,0,0,40,England,>50K
18310,18311,19,Unknown,129586,Some-college,10,Never-married,Unknown,Own-child,White,Male,0,0,40,United-States,<=50K
18599,18600,75,Private,71898,Preschool,1,Never-married,Priv-house-serv,Not-in-family,Asian-Pac-Islander,Female,0,0,48,Philippines,<=50K
19049,19050,24,Private,187717,Bachelors,13,Never-married,Adm-clerical,Own-child,White,Female,0,0,40,United-States,<=50K
19306,19307,19,Private,451951,HS-grad,9,Never-married,Sales,Not-in-family,White,Female,0,0,40,United-States,<=50K
19622,19623,19,Private,97261,HS-grad,9,Never-married,Farming-fishing,Not-in-family,White,Male,0,0,40,United-States,<=50K
20345,20346,25,Federal-gov,55636,HS-grad,9,Never-married,Handlers-cleaners,Not-in-family,Amer-Indian-Eskimo,Male,0,0,40,United-States,<=50K
20422,20423,25,Private,183575,11th,7,Never-married,Craft-repair,Own-child,White,Male,0,0,40,United-States,<=50K
20507,20508,19,Private,97261,HS-grad,9,Never-married,Farming-fishing,Not-in-family,White,Male,0,0,40,United-States,<=50K
21553,21554,18,Private,126071,HS-grad,9,Never-married,Craft-repair,Own-child,White,Male,0,0,40,United-States,<=50K
21849,21850,21,Private,40767,Some-college,10,Never-married,Handlers-cleaners,Not-in-family,White,Male,0,0,40,United-States,<=50K
21975,21976,35,Private,219902,Assoc-voc,11,Never-married,Adm-clerical,Not-in-family,Black,Female,0,0,40,United-States,<=50K
22118,22119,21,Unknown,213055,Some-college,10,Never-married,Unknown,Unmarried,Other,Female,0,0,40,United-States,<=50K
22266,22267,22,Private,83315,HS-grad,9,Never-married,Adm-clerical,Unmarried,White,Male,0,0,40,United-States,<=50K
22568,22569,33,Private,176673,HS-grad,9,Never-married,Machine-op-inspct,Not-in-family,Black,Female,0,0,40,United-States,<=50K
22658,22659,32,State-gov,481096,5th-6th,3,Never-married,Machine-op-inspct,Own-child,White,Female,0,0,10,United-States,<=50K
22919,22920,40,Private,287079,HS-grad,9,Never-married,Farming-fishing,Not-in-family,White,Male,0,0,55,United-States,<=50K
23014,23015,23,Private,218899,Bachelors,13,Never-married,Sales,Own-child,White,Female,0,0,60,United-States,<=50K
23290,23291,29,Private,157262,Masters,14,Never-married,Exec-managerial,Not-in-family,White,Female,0,0,45,United-States,<=50K
23475,23476,33,State-gov,243678,Some-college,10,Never-married,Tech-support,Not-in-family,White,Female,0,0,40,United-States,<=50K
24514,24515,22,Private,127768,Some-college,10,Never-married,Other-service,Own-child,White,Male,0,0,32,United-States,>50K
24539,24540,20,Private,179423,Some-college,10,Never-married,Handlers-cleaners,Own-child,White,Female,0,0,8,United-States,<=50K
24739,24740,24,Private,116968,Bachelors,13,Never-married,Exec-managerial,Not-in-family,White,Male,0,0,45,United-States,<=50K
25147,25148,23,Private,112819,HS-grad,9,Never-married,Machine-op-inspct,Own-child,White,Male,0,0,40,United-States,<=50K
25705,25706,57,Private,78707,HS-grad,9,Never-married,Adm-clerical,Own-child,White,Female,0,0,40,United-States,<=50K
25844,25845,21,Unknown,116934,Some-college,10,Never-married,Unknown,Own-child,White,Female,0,0,40,United-States,<=50K
25960,25961,30,Self-emp-not-inc,196342,Some-college,10,Never-married,Sales,Own-child,White,Male,0,0,25,United-States,<=50K
26050,26051,27,Private,289147,Bachelors,13,Never-married,Prof-specialty,Own-child,White,Female,0,0,40,United-States,<=50K
26853,26854,19,Private,236570,HS-grad,9,Never-married,Adm-clerical,Own-child,White,Female,0,0,16,United-States,<=50K
27229,27230,29,Private,106153,HS-grad,9,Never-married,Craft-repair,Not-in-family,White,Male,0,0,50,United-States,<=50K
27342,27343,20,Private,39478,Some-college,10,Never-married,Machine-op-inspct,Not-in-family,White,Male,0,0,70,United-States,<=50K
27404,27405,55,Private,254516,9th,5,Never-married,Handlers-cleaners,Other-relative,Black,Male,0,0,37,United-States,<=50K
28308,28309,30,Local-gov,168387,Bachelors,13,Never-married,Exec-managerial,Own-child,White,Male,0,0,40,United-States,<=50K
28555,28556,21,Private,200153,HS-grad,9,Never-married,Other-service,Own-child,White,Female,0,0,32,United-States,<=50K
28801,28802,18,Private,301814,HS-grad,9,Never-married,Sales,Not-in-family,White,Female,0,0,20,United-States,<=50K
28855,28856,24,State-gov,90046,Some-college,10,Never-married,Other-service,Not-in-family,White,Female,0,0,40,Canada,<=50K
29212,29213,59,Federal-gov,48102,Masters,14,Never-married,Prof-specialty,Not-in-family,White,Female,0,0,40,Unknown,>50K
29497,29498,24,Private,308285,HS-grad,9,Never-married,Craft-repair,Own-child,White,Male,0,0,40,United-States,<=50K
29558,29559,27,Private,97165,Some-college,10,Never-married,Machine-op-inspct,Other-relative,White,Female,0,0,40,United-States,<=50K
29630,29631,48,Private,198000,Some-college,10,Never-married,Craft-repair,Unmarried,White,Female,0,0,38,United-States,>50K
29640,29641,19,Private,201178,HS-grad,9,Never-married,Sales,Not-in-family,White,Female,0,0,30,United-States,<=50K
29734,29735,39,Private,179016,HS-grad,9,Never-married,Machine-op-inspct,Not-in-family,Black,Male,0,0,40,United-States,<=50K
29793,29794,24,Private,86065,HS-grad,9,Never-married,Transport-moving,Unmarried,White,Female,0,0,40,Mexico,<=50K
29936,29937,21,Private,199419,Some-college,10,Never-married,Adm-clerical,Not-in-family,White,Female,0,0,40,United-States,<=50K
30400,30401,54,Private,425804,Some-college,10,Never-married,Exec-managerial,Not-in-family,White,Female,0,0,45,United-States,>50K
30823,30824,20,Private,79691,HS-grad,9,Never-married,Machine-op-inspct,Own-child,White,Male,0,0,40,United-States,<=50K
31112,31113,22,Private,191444,HS-grad,9,Never-married,Sales,Other-relative,White,Male,0,0,40,United-States,<=50K
31360,31361,38,Private,150057,Some-college,10,Never-married,Prof-specialty,Not-in-family,White,Male,0,0,45,United-States,<=50K
31657,31658,23,Private,161478,Some-college,10,Never-married,Sales,Own-child,Asian-Pac-Islander,Female,0,0,40,United-States,<=50K
31735,31736,45,Self-emp-not-inc,149640,Prof-school,15,Never-married,Prof-specialty,Not-in-family,White,Male,0,0,30,United-States,>50K
32189,32190,26,State-gov,158963,Masters,14,Never-married,Exec-managerial,Not-in-family,White,Female,0,0,40,United-States,<=50K
375,376,36,Private,183612,HS-grad,9,Married-civ-spouse,Prof-specialty,Husband,White,Male,0,1977,40,United-States,>50K
403,404,47,Local-gov,285060,Masters,14,Married-civ-spouse,Exec-managerial,Husband,White,Male,0,1977,41,United-States,>50K
445,446,53,Self-emp-not-inc,100109,Masters,14,Married-civ-spouse,Exec-managerial,Husband,White,Male,0,1977,40,United-States,>50K
630,631,42,Federal-gov,52781,Masters,14,Married-civ-spouse,Prof-specialty,Husband,White,Male,0,1902,40,United-States,>50K
776,777,36,Local-gov,410034,Bachelors,13,Married-civ-spouse,Prof-specialty,Husband,White,Male,0,1887,40,United-States,>50K
875,876,55,Private,359972,Bachelors,13,Married-civ-spouse,Exec-managerial,Husband,White,Male,0,1887,40,United-States,>50K
1416,1417,50,Private,234373,Masters,14,Married-civ-spouse,Exec-managerial,Wife,White,Female,0,1485,40,United-States,<=50K
1472,1473,76,Unknown,224680,Prof-school,15,Married-civ-spouse,Unknown,Husband,White,Male,0,1258,20,United-States,<=50K
1536,1537,32,Self-emp-inc,46807,HS-grad,9,Married-civ-spouse,Craft-repair,Husband,White,Male,99999,0,40,United-States,>50K
1599,1600,47,Private,102308,Masters,14,Married-civ-spouse,Exec-managerial,Husband,White,Male,99999,0,50,United-States,>50K
1632,1633,69,Self-emp-not-inc,240562,Prof-school,15,Married-civ-spouse,Prof-specialty,Husband,White,Male,99999,0,40,United-States,>50K
1657,1658,40,Self-emp-not-inc,204235,Masters,14,Married-civ-spouse,Exec-managerial,Husband,White,Male,99999,0,50,United-States,>50K
1659,1660,44,Self-emp-inc,118212,Bachelors,13,Married-civ-spouse,Exec-managerial,Husband,White,Male,99999,0,70,United-States,>50K
1752,1753,68,Self-emp-not-inc,133736,Some-college,10,Married-civ-spouse,Sales,Husband,White,Male,20051,0,40,United-States,>50K
1906,1907,33,Private,144949,Masters,14,Married-civ-spouse,Prof-specialty,Husband,White,Male,15024,0,40,United-States,>50K
1960,1961,50,Private,98975,Bachelors,13,Married-civ-spouse,Exec-managerial,Husband,White,Male,15024,0,40,United-States,>50K
2046,2047,50,Self-emp-inc,283676,Doctorate,16,Married-civ-spouse,Prof-specialty,Husband,White,Male,15024,0,60,United-States,>50K
2405,2406,45,Federal-gov,352094,Some-college,10,Married-civ-spouse,Tech-support,Husband,White,Male,7688,0,40,Guatemala,>50K
2632,2633,42,Private,261929,Bachelors,13,Married-civ-spouse,Exec-managerial,Husband,White,Male,7688,0,40,United-States,>50K
2737,2738,48,Self-emp-inc,254291,Bachelors,13,Married-civ-spouse,Exec-managerial,Husband,White,Male,7298,0,50,United-States,>50K
2749,2750,51,Private,143822,Some-college,10,Married-civ-spouse,Craft-repair,Husband,White,Male,7298,0,40,United-States,>50K
2855,2856,49,Local-gov,269527,Masters,14,Married-civ-spouse,Prof-specialty,Husband,White,Male,7298,0,40,United-States,>50K
3000,3001,42,Private,159449,Bachelors,13,Married-civ-spouse,Exec-managerial,Husband,White,Male,5178,0,40,United-States,>50K
3340,3341,36,Self-emp-not-inc,138940,Bachelors,13,Married-civ-spouse,Exec-managerial,Husband,White,Male,4386,0,50,United-States,>50K
3343,3344,46,Self-emp-not-inc,51271,HS-grad,9,Married-civ-spouse,Farming-fishing,Husband,White,Male,4386,0,70,United-States,<=50K
3346,3347,43,Local-gov,118853,Some-college,10,Married-civ-spouse,Tech-support,Husband,White,Male,4386,0,99,United-States,>50K
3657,3658,36,Private,245090,Some-college,10,Married-civ-spouse,Craft-repair,Husband,White,Male,3137,0,50,El-Salvador,<=50K
3700,3701,60,State-gov,194252,Masters,14,Married-civ-spouse,Exec-managerial,Wife,White,Female,3103,0,40,United-States,>50K
3745,3746,44,Private,124747,HS-grad,9,Married-civ-spouse,Exec-managerial,Wife,White,Female,3103,0,40,United-States,>50K
3798,3799,56,Private,286487,HS-grad,9,Married-civ-spouse,Craft-repair,Husband,White,Male,2885,0,45,United-States,<=50K
4440,4441,24,State-gov,273905,Assoc-acdm,12,Married-civ-spouse,Protective-serv,Husband,White,Male,0,0,50,United-States,<=50K
4531,4532,26,Private,192262,HS-grad,9,Married-civ-spouse,Other-service,Husband,White,Male,0,0,40,United-States,<=50K
4783,4784,30,Private,103649,Bachelors,13,Married-civ-spouse,Adm-clerical,Wife,Black,Female,0,0,40,United-States,>50K
4784,4785,58,Self-emp-not-inc,35723,HS-grad,9,Married-civ-spouse,Craft-repair,Husband,White,Male,0,0,60,United-States,<=50K
4856,4857,34,Private,217460,Bachelors,13,Married-civ-spouse,Exec-managerial,Husband,White,Male,0,0,45,United-States,>50K
4947,4948,42,Unknown,257780,11th,7,Married-civ-spouse,Unknown,Husband,White,Male,0,0,15,United-States,<=50K
5753,5754,32,Private,195576,11th,7,Married-civ-spouse,Machine-op-inspct,Husband,White,Male,0,0,40,United-States,<=50K
5869,5870,39,Private,179271,Some-college,10,Married-civ-spouse,Craft-repair,Husband,White,Male,0,0,50,United-States,>50K
5892,5893,50,Unknown,156008,11th,7,Married-civ-spouse,Unknown,Own-child,Black,Female,0,0,40,United-States,<=50K
6093,6094,47,Self-emp-not-inc,121124,5th-6th,3,Married-civ-spouse,Sales,Husband,White,Male,0,0,55,Italy,>50K
6166,6167,60,Private,207665,HS-grad,9,Married-civ-spouse,Tech-support,Wife,White,Female,0,0,40,United-States,>50K
6638,6639,28,Private,192200,Bachelors,13,Married-civ-spouse,Prof-specialty,Husband,White,Male,0,0,40,Unknown,<=50K
6642,6643,36,Private,209609,Bachelors,13,Married-civ-spouse,Prof-specialty,Husband,White,Male,0,0,38,United-States,<=50K
6946,6947,47,Private,95680,Some-college,10,Married-civ-spouse,Exec-managerial,Husband,Asian-Pac-Islander,Male,0,0,40,United-States,<=50K
7476,7477,42,Self-emp-not-inc,344920,Some-college,10,Married-civ-spouse,Farming-fishing,Wife,White,Female,0,0,50,United-States,<=50K
7483,7484,37,Local-gov,264503,HS-grad,9,Married-civ-spouse,Protective-serv,Husband,White,Male,0,0,40,United-States,<=50K
7607,7608,28,Private,199566,Bachelors,13,Married-civ-spouse,Other-service,Husband,Black,Male,0,0,40,United-States,<=50K
7958,7959,37,Private,191342,1st-4th,2,Married-civ-spouse,Craft-repair,Husband,Asian-Pac-Islander,Male,0,0,40,Cambodia,<=50K
8075,8076,68,Private,128472,Doctorate,16,Married-civ-spouse,Prof-specialty,Husband,White,Male,0,0,55,United-States,>50K
8268,8269,35,Private,182467,Assoc-voc,11,Married-civ-spouse,Craft-repair,Wife,White,Female,0,0,44,United-States,<=50K
8468,8469,33,Private,196266,HS-grad,9,Married-civ-spouse,Craft-repair,Husband,White,Male,0,0,40,United-States,>50K
9111,9112,31,Private,120460,Some-college,10,Married-civ-spouse,Farming-fishing,Husband,White,Male,0,0,50,United-States,>50K
9214,9215,60,Self-emp-not-inc,282660,7th-8th,4,Married-civ-spouse,Craft-repair,Husband,White,Male,0,0,40,United-States,<=50K
9380,9381,39,Private,25803,Some-college,10,Married-civ-spouse,Sales,Husband,White,Male,0,0,55,United-States,<=50K
9603,9604,58,Private,177368,HS-grad,9,Married-civ-spouse,Craft-repair,Husband,White,Male,0,0,40,United-States,>50K
9686,9687,35,Private,245090,HS-grad,9,Married-civ-spouse,Craft-repair,Husband,White,Male,0,0,40,Mexico,<=50K
10196,10197,51,Unknown,69328,Assoc-voc,11,Married-civ-spouse,Unknown,Husband,White,Male,0,0,50,United-States,>50K
10504,10505,53,Private,185846,HS-grad,9,Married-civ-spouse,Craft-repair,Husband,White,Male,0,0,40,United-States,<=50K
10845,10846,56,Private,91262,HS-grad,9,Married-civ-spouse,Transport-moving,Husband,Asian-Pac-Islander,Male,0,0,45,United-States,<=50K
11070,11071,41,Private,169628,HS-grad,9,Married-civ-spouse,Machine-op-inspct,Wife,Black,Female,0,0,40,Unknown,<=50K
11102,11103,33,Private,309630,HS-grad,9,Married-civ-spouse,Other-service,Husband,White,Male,0,0,40,United-States,<=50K
11471,11472,47,Private,197702,Some-college,10,Married-civ-spouse,Craft-repair,Husband,White,Male,0,0,40,United-States,<=50K
11542,11543,51,Private,146767,Bachelors,13,Married-civ-spouse,Prof-specialty,Husband,White,Male,0,0,40,United-States,>50K
12044,12045,31,Private,223046,HS-grad,9,Married-civ-spouse,Transport-moving,Husband,White,Male,0,0,60,United-States,<=50K
12137,12138,58,Self-emp-inc,130454,Some-college,10,Married-civ-spouse,Exec-managerial,Husband,White,Male,0,0,50,United-States,>50K
12190,12191,58,Private,29928,Some-college,10,Married-civ-spouse,Sales,Wife,White,Female,0,0,36,United-States,<=50K
12481,12482,38,Private,129591,Some-college,10,Married-civ-spouse,Craft-repair,Husband,White,Male,0,0,40,United-States,<=50K
12612,12613,24,Private,53942,Bachelors,13,Married-civ-spouse,Machine-op-inspct,Husband,White,Male,0,0,40,United-States,<=50K
12940,12941,53,Private,46155,HS-grad,9,Married-civ-spouse,Priv-house-serv,Other-relative,White,Female,0,0,40,United-States,<=50K
13061,13062,77,Unknown,152900,5th-6th,3,Married-civ-spouse,Unknown,Husband,White,Male,0,0,20,United-States,<=50K
13253,13254,33,Private,287878,Some-college,10,Married-civ-spouse,Other-service,Wife,White,Female,0,0,26,United-States,<=50K
13504,13505,43,Private,174325,7th-8th,4,Married-civ-spouse,Transport-moving,Husband,Black,Male,0,0,40,United-States,<=50K
14128,14129,38,Self-emp-inc,206951,HS-grad,9,Married-civ-spouse,Exec-managerial,Husband,White,Male,0,0,65,United-States,<=50K
14203,14204,37,Private,77820,Bachelors,13,Married-civ-spouse,Exec-managerial,Husband,White,Male,0,0,45,United-States,>50K
14379,14380,48,Private,227714,Bachelors,13,Married-civ-spouse,Sales,Husband,White,Male,0,0,60,United-States,<=50K
14862,14863,38,Private,186359,Some-college,10,Married-civ-spouse,Exec-managerial,Husband,White,Male,0,0,40,United-States,>50K
15065,15066,34,Private,201122,Some-college,10,Married-civ-spouse,Craft-repair,Husband,White,Male,0,0,48,United-States,>50K
15233,15234,47,Private,103757,Assoc-acdm,12,Married-civ-spouse,Craft-repair,Husband,White,Male,0,0,40,United-States,<=50K
15618,15619,47,Private,109089,Some-college,10,Married-civ-spouse,Prof-specialty,Husband,White,Male,0,0,70,United-States,<=50K
15712,15713,36,Federal-gov,51089,Bachelors,13,Married-civ-spouse,Adm-clerical,Husband,White,Male,0,0,50,United-States,>50K
15934,15935,41,Private,177905,Masters,14,Married-civ-spouse,Prof-specialty,Husband,White,Male,0,0,45,United-States,>50K
15988,15989,27,Private,153291,Prof-school,15,Married-civ-spouse,Prof-specialty,Wife,White,Female,0,0,50,United-States,>50K
16293,16294,56,Private,257555,Some-college,10,Married-civ-spouse,Sales,Husband,White,Male,0,0,40,United-States,<=50K
16310,16311,28,Private,306830,Assoc-acdm,12,Married-civ-spouse,Handlers-cleaners,Husband,White,Male,0,0,40,Nicaragua,<=50K
16314,16315,48,Private,117849,Some-college,10,Married-civ-spouse,Prof-specialty,Husband,White,Male,0,0,40,United-States,>50K
16381,16382,50,Private,169925,HS-grad,9,Married-civ-spouse,Craft-repair,Husband,White,Male,0,0,15,United-States,<=50K
17059,17060,30,Private,77266,HS-grad,9,Married-civ-spouse,Craft-repair,Husband,White,Male,0,0,60,United-States,<=50K
17253,17254,52,Local-gov,108083,Masters,14,Married-civ-spouse,Prof-specialty,Husband,White,Male,0,0,50,United-States,>50K
17268,17269,24,Private,68577,Assoc-voc,11,Married-civ-spouse,Transport-moving,Husband,White,Male,0,0,40,United-States,<=50K
17288,17289,50,State-gov,24185,Bachelors,13,Married-civ-spouse,Exec-managerial,Husband,White,Male,0,0,38,United-States,>50K
17503,17504,44,Private,368757,Some-college,10,Married-civ-spouse,Machine-op-inspct,Husband,White,Male,0,0,40,United-States,<=50K
17669,17670,36,Private,149833,HS-grad,9,Married-civ-spouse,Exec-managerial,Wife,White,Female,0,0,40,United-States,<=50K
17776,17777,38,Private,186959,Bachelors,13,Married-civ-spouse,Prof-specialty,Husband,White,Male,0,0,50,United-States,<=50K
17803,17804,42,Unknown,167678,11th,7,Married-civ-spouse,Unknown,Husband,White,Male,0,0,22,Ecuador,<=50K
18036,18037,39,Private,108540,HS-grad,9,Married-civ-spouse,Sales,Husband,White,Male,0,0,40,United-States,<=50K
18957,18958,32,Private,286689,Assoc-acdm,12,Married-civ-spouse,Tech-support,Husband,White,Male,0,0,42,United-States,>50K
19111,19112,53,Private,104879,HS-grad,9,Married-civ-spouse,Tech-support,Husband,White,Male,0,0,40,United-States,>50K
19167,19168,49,Private,179869,HS-grad,9,Married-civ-spouse,Craft-repair,Husband,White,Male,0,0,40,United-States,>50K
19240,19241,50,Private,198681,Some-college,10,Married-civ-spouse,Transport-moving,Husband,White,Male,0,0,70,United-States,>50K
19721,19722,44,Unknown,109912,Bachelors,13,Married-civ-spouse,Unknown,Wife,White,Female,0,0,16,United-States,>50K
19942,19943,33,Private,140206,Prof-school,15,Married-civ-spouse,Prof-specialty,Husband,White,Male,0,0,40,United-States,>50K
20065,20066,34,Private,172928,HS-grad,9,Married-civ-spouse,Sales,Husband,White,Male,0,0,65,United-States,<=50K
20087,20088,37,Private,198841,Assoc-voc,11,Married-civ-spouse,Craft-repair,Husband,White,Male,0,0,40,United-States,>50K
20151,20152,72,Private,183616,HS-grad,9,Married-civ-spouse,Exec-managerial,Wife,White,Female,0,0,50,England,<=50K
20506,20507,60,Private,148522,Some-college,10,Married-civ-spouse,Craft-repair,Husband,Amer-Indian-Eskimo,Male,0,0,40,United-States,<=50K
20671,20672,32,Private,231413,HS-grad,9,Married-civ-spouse,Machine-op-inspct,Husband,White,Male,0,0,40,United-States,>50K
21152,21153,44,Local-gov,100479,Assoc-acdm,12,Married-civ-spouse,Prof-specialty,Husband,White,Male,0,0,48,United-States,<=50K
21578,21579,34,Self-emp-not-inc,34572,Assoc-voc,11,Married-civ-spouse,Exec-managerial,Husband,White,Male,0,0,60,United-States,>50K
22241,22242,60,Private,276009,HS-grad,9,Married-civ-spouse,Other-service,Husband,Asian-Pac-Islander,Male,0,0,30,Philippines,<=50K
22349,22350,39,Private,101020,12th,8,Married-civ-spouse,Machine-op-inspct,Husband,White,Male,0,0,40,United-States,<=50K
22379,22380,50,Private,185846,HS-grad,9,Married-civ-spouse,Sales,Husband,White,Male,0,0,55,United-States,>50K
22547,22548,29,Private,168138,Bachelors,13,Married-civ-spouse,Protective-serv,Husband,White,Male,0,0,40,United-States,>50K
23089,23090,42,Private,337629,12th,8,Married-civ-spouse,Craft-repair,Husband,Black,Male,0,0,60,Unknown,>50K
24044,24045,27,Private,169460,Bachelors,13,Married-civ-spouse,Exec-managerial,Husband,White,Male,0,0,40,United-States,<=50K
24095,24096,57,Self-emp-not-inc,25124,HS-grad,9,Married-civ-spouse,Other-service,Husband,White,Male,0,0,60,United-States,<=50K
24100,24101,42,Private,52849,Some-college,10,Married-civ-spouse,Machine-op-inspct,Husband,White,Male,0,0,40,United-States,<=50K
24320,24321,39,Private,174242,HS-grad,9,Married-civ-spouse,Craft-repair,Husband,White,Male,0,0,40,United-States,<=50K
24469,24470,55,Private,104996,7th-8th,4,Married-civ-spouse,Transport-moving,Husband,White,Male,0,0,50,United-States,<=50K
24672,24673,49,Federal-gov,229376,HS-grad,9,Married-civ-spouse,Adm-clerical,Husband,White,Male,0,0,40,United-States,>50K
24823,24824,54,Private,280292,Some-college,10,Married-civ-spouse,Sales,Husband,White,Male,0,0,32,United-States,<=50K
24836,24837,70,Unknown,148065,Some-college,10,Married-civ-spouse,Unknown,Husband,White,Male,0,0,4,United-States,>50K
24959,24960,51,Private,178054,Some-college,10,Married-civ-spouse,Sales,Husband,White,Male,0,0,40,Unknown,>50K
24992,24993,35,Private,385847,Some-college,10,Married-civ-spouse,Craft-repair,Husband,White,Male,0,0,40,United-States,<=50K
25792,25793,59,Self-emp-not-inc,170411,7th-8th,4,Married-civ-spouse,Transport-moving,Husband,White,Male,0,0,40,United-States,<=50K
26093,26094,51,Local-gov,184542,HS-grad,9,Married-civ-spouse,Machine-op-inspct,Husband,White,Male,0,0,40,United-States,<=50K
26173,26174,45,Private,118889,Assoc-voc,11,Married-civ-spouse,Craft-repair,Husband,White,Male,0,0,40,United-States,<=50K
26308,26309,32,Private,176998,Bachelors,13,Married-civ-spouse,Exec-managerial,Husband,White,Male,0,0,40,United-States,<=50K
26368,26369,53,Private,180439,Bachelors,13,Married-civ-spouse,Craft-repair,Husband,White,Male,0,0,40,United-States,>50K
26384,26385,26,Private,181666,Assoc-acdm,12,Married-civ-spouse,Adm-clerical,Own-child,White,Female,0,0,40,Unknown,<=50K
26977,26978,28,State-gov,200775,Masters,14,Married-civ-spouse,Exec-managerial,Wife,White,Female,0,0,40,United-States,<=50K
27596,27597,47,Self-emp-not-inc,61885,Bachelors,13,Married-civ-spouse,Sales,Husband,White,Male,0,0,40,United-States,>50K
27962,27963,33,Private,137088,Bachelors,13,Married-civ-spouse,Machine-op-inspct,Husband,Other,Male,0,0,40,Ecuador,<=50K
28170,28171,39,Private,86143,5th-6th,3,Married-civ-spouse,Other-service,Husband,Asian-Pac-Islander,Male,0,0,40,Philippines,<=50K
28503,28504,33,Self-emp-not-inc,109959,Some-college,10,Married-civ-spouse,Sales,Husband,White,Male,0,0,25,United-States,<=50K
29059,29060,52,Private,302847,11th,7,Married-civ-spouse,Machine-op-inspct,Husband,White,Male,0,0,40,United-States,<=50K
29210,29211,25,Private,176729,HS-grad,9,Married-civ-spouse,Craft-repair,Husband,White,Male,0,0,40,United-States,>50K
29366,29367,31,Local-gov,102130,Masters,14,Married-civ-spouse,Prof-specialty,Husband,White,Male,0,0,45,United-States,<=50K
29615,29616,39,Private,273362,HS-grad,9,Married-civ-spouse,Craft-repair,Husband,White,Male,0,0,40,United-States,>50K
29771,29772,48,Private,498328,10th,6,Married-civ-spouse,Transport-moving,Husband,Black,Male,0,0,40,United-States,<=50K
30341,30342,23,Private,140414,HS-grad,9,Married-civ-spouse,Craft-repair,Husband,White,Male,0,0,40,United-States,<=50K
30820,30821,40,Private,223277,Bachelors,13,Married-civ-spouse,Adm-clerical,Husband,White,Male,0,0,50,United-States,>50K
31190,31191,29,Private,107108,Some-college,10,Married-civ-spouse,Adm-clerical,Husband,Amer-Indian-Eskimo,Male,0,0,40,United-States,<=50K
31267,31268,42,Local-gov,318046,11th,7,Married-civ-spouse,Transport-moving,Husband,White,Male,0,0,40,United-States,<=50K
31443,31444,25,Private,27678,Some-college,10,Married-civ-spouse,Other-service,Wife,White,Female,0,0,60,United-States,<=50K
31987,31988,48,Private,379883,Masters,14,Married-civ-spouse,Prof-specialty,Husband,White,Male,0,0,40,Cuba,>50K
32342,32343,34,Private,117963,Bachelors,13,Married-civ-spouse,Craft-repair,Husband,White,Male,0,0,40,United-States,>50K
32369,32370,33,Private,205950,HS-grad,9,Married-civ-spouse,Craft-repair,Husband,White,Male,0,0,40,United-States,<=50K
4775,4776,47,Private,241832,9th,5,Married-spouse-absent,Handlers-cleaners,Unmarried,White,Male,0,0,40,El-Salvador,<=50K
5994,5995,24,Private,99386,Bachelors,13,Married-spouse-absent,Prof-specialty,Own-child,White,Female,0,0,40,United-States,<=50K
12604,12605,52,Unknown,115209,Prof-school,15,Married-spouse-absent,Unknown,Unmarried,Asian-Pac-Islander,Female,0,0,40,Vietnam,<=50K
