age,workclass,fnlwgt,education,education_num,marital_status,occupation,relationship,race,sex,capital_gain,capital_loss,hours_per_week,native_country,income
58,Private,33725,Masters,14,Divorced,Prof-specialty,Not-in-family,White,Male,0,0,20,United-States,<=50K
38,Self-emp-inc,199346,Some-college,10,Married-civ-spouse,Exec-managerial,Wife,White,Female,0,0,45,United-States,<=50K
23,Private,528616,5th-6th,3,Married-civ-spouse,Other-service,Husband,White,Male,0,0,40,Mexico,<=50K
32,Private,549430,HS-grad,9,Never-married,Priv-house-serv,Unmarried,White,Female,0,0,40,Mexico,<=50K
32,Private,178835,HS-grad,9,Never-married,Adm-clerical,Not-in-family,White,Male,0,0,40,United-States,<=50K
24,Private,217961,Some-college,10,Never-married,Machine-op-inspct,Not-in-family,White,Male,0,0,40,United-States,<=50K
63,Private,213095,Bachelors,13,Married-civ-spouse,Exec-managerial,Husband,White,Male,0,0,50,United-States,>50K
33,Private,116508,10th,6,Married-civ-spouse,Craft-repair,Husband,White,Male,0,0,40,United-States,<=50K
38,Private,156728,Bachelors,13,Married-civ-spouse,Sales,Husband,White,Male,0,0,40,United-States,>50K
46,Private,187715,Some-college,10,Married-civ-spouse,Sales,Husband,White,Male,0,0,50,United-States,<=50K
53,Private,229465,Masters,14,Married-civ-spouse,Exec-managerial,Husband,White,Male,0,0,55,United-States,>50K
63,Private,30813,Masters,14,Married-civ-spouse,Prof-specialty,Husband,White,Male,0,0,50,United-States,>50K
39,Private,65027,Some-college,10,Married-civ-spouse,Transport-moving,Husband,White,Male,0,0,43,United-States,<=50K
25,Private,458549,1st-4th,2,Married-civ-spouse,Farming-fishing,Husband,White,Male,0,0,96,Mexico,<=50K
29,Self-emp-not-inc,267661,HS-grad,9,Married-civ-spouse,Farming-fishing,Husband,White,Male,0,0,70,United-States,<=50K
55,Private,171242,HS-grad,9,Divorced,Exec-managerial,Not-in-family,White,Male,0,0,60,United-States,>50K
19,Unknown,60688,Some-college,10,Never-married,Unknown,Own-child,White,Male,0,0,35,United-States,<=50K
23,Private,136824,Some-college,10,Never-married,Other-service,Own-child,White,Male,0,0,20,United-States,<=50K
24,Private,462820,Bachelors,13,Never-married,Farming-fishing,Not-in-family,White,Male,0,0,40,United-States,<=50K
45,Private,187969,Assoc-voc,11,Never-married,Sales,Not-in-family,White,Female,0,0,38,United-States,<=50K
18,Private,27780,HS-grad,9,Never-married,Sales,Own-child,White,Female,0,0,25,United-States,<=50K
43,Private,39581,HS-grad,9,Never-married,Other-service,Not-in-family,Black,Female,0,0,45,United-States,<=50K
50,Private,211319,Bachelors,13,Married-civ-spouse,Exec-managerial,Husband,White,Male,7298,0,50,United-States,>50K
43,Private,174196,HS-grad,9,Never-married,Other-service,Unmarried,Black,Female,0,0,40,United-States,<=50K
28,Private,308136,HS-grad,9,Never-married,Other-service,Own-child,White,Male,0,0,40,United-States,<=50K
66,Unknown,213477,7th-8th,4,Divorced,Unknown,Not-in-family,White,Male,0,0,10,United-States,<=50K
29,Private,207473,7th-8th,4,Married-civ-spouse,Transport-moving,Husband,White,Male,0,0,40,Mexico,<=50K
37,Local-gov,593246,Bachelors,13,Married-civ-spouse,Prof-specialty,Wife,White,Female,0,0,50,United-States,>50K
35,State-gov,216035,HS-grad,9,Married-civ-spouse,Protective-serv,Husband,White,Male,0,0,40,United-States,<=50K
36,Private,143068,Some-college,10,Divorced,Craft-repair,Unmarried,White,Male,0,0,40,United-States,<=50K
28,Private,297742,Some-college,10,Never-married,Machine-op-inspct,Own-child,White,Female,0,0,40,United-States,<=50K
54,Private,143822,Some-college,10,Married-civ-spouse,Craft-repair,Husband,White,Male,0,0,45,United-States,>50K
63,Private,250068,12th,8,Married-civ-spouse,Sales,Husband,White,Male,0,0,40,United-States,>50K
19,Private,269991,HS-grad,9,Never-married,Other-service,Own-child,White,Male,0,0,40,Puerto-Rico,<=50K
57,Self-emp-inc,123053,Prof-school,15,Married-civ-spouse,Prof-specialty,Husband,Asian-Pac-Islander,Male,15024,0,50,India,>50K
64,State-gov,111795,Bachelors,13,Married-civ-spouse,Craft-repair,Husband,White,Male,0,0,45,United-States,>50K
52,Private,187356,10th,6,Married-civ-spouse,Machine-op-inspct,Husband,White,Male,0,0,41,United-States,<=50K
35,Private,233786,11th,7,Separated,Other-service,Unmarried,White,Male,0,0,20,United-States,<=50K
21,Private,198992,HS-grad,9,Never-married,Sales,Not-in-family,White,Female,0,0,33,United-States,<=50K
37,Unknown,172256,Some-college,10,Married-civ-spouse,Unknown,Husband,White,Male,0,0,20,United-States,<=50K
24,Private,329530,9th,5,Married-civ-spouse,Sales,Husband,White,Male,0,0,45,Mexico,<=50K
61,Federal-gov,28291,Bachelors,13,Married-civ-spouse,Exec-managerial,Wife,White,Female,0,0,40,United-States,<=50K
35,Private,193815,Assoc-acdm,12,Married-civ-spouse,Adm-clerical,Husband,White,Male,0,0,40,United-States,>50K
54,Self-emp-not-inc,192654,Bachelors,13,Divorced,Transport-moving,Not-in-family,White,Male,0,0,65,United-States,<=50K
66,Private,313255,Some-college,10,Married-civ-spouse,Sales,Husband,White,Male,0,0,24,United-States,<=50K
36,Private,137314,Assoc-voc,11,Never-married,Tech-support,Not-in-family,White,Male,0,0,45,United-States,<=50K
46,Self-emp-inc,110702,Some-college,10,Divorced,Exec-managerial,Unmarried,White,Female,2036,0,60,United-States,<=50K
25,Private,153841,Some-college,10,Never-married,Adm-clerical,Own-child,White,Female,0,0,40,United-States,<=50K
38,Self-emp-not-inc,322143,Bachelors,13,Married-civ-spouse,Other-service,Husband,White,Male,0,0,10,United-States,<=50K
43,State-gov,38537,Some-college,10,Divorced,Exec-managerial,Unmarried,Black,Female,0,0,38,Unknown,<=50K
45,Private,34248,HS-grad,9,Married-civ-spouse,Sales,Husband,White,Male,0,0,50,United-States,<=50K
36,Private,114059,Bachelors,13,Married-civ-spouse,Exec-managerial,Husband,White,Male,0,0,45,United-States,<=50K
29,Private,109621,HS-grad,9,Married-civ-spouse,Craft-repair,Husband,White,Male,0,0,40,United-States,<=50K
32,Private,372692,HS-grad,9,Married-civ-spouse,Craft-repair,Husband,White,Male,0,0,40,United-States,<=50K
35,Private,267966,11th,7,Never-married,Machine-op-inspct,Not-in-family,White,Male,0,0,50,United-States,<=50K
52,Private,312477,HS-grad,9,Widowed,Transport-moving,Not-in-family,White,Male,0,0,40,United-States,<=50K
21,Private,204641,Some-college,10,Never-married,Other-service,Own-child,White,Male,0,0,40,United-States,<=50K
66,Self-emp-not-inc,174788,Some-college,10,Never-married,Sales,Not-in-family,White,Female,0,0,20,United-States,<=50K
28,Private,113987,HS-grad,9,Married-civ-spouse,Machine-op-inspct,Wife,White,Female,0,0,40,United-States,<=50K
35,Self-emp-not-inc,160192,Some-college,10,Never-married,Craft-repair,Own-child,White,Male,0,0,40,United-States,<=50K
37,Private,305259,Assoc-acdm,12,Divorced,Exec-managerial,Not-in-family,White,Female,0,0,48,United-States,<=50K
24,Private,653574,HS-grad,9,Never-married,Craft-repair,Own-child,White,Male,0,0,40,El-Salvador,<=50K
60,Private,93997,Bachelors,13,Married-civ-spouse,Exec-managerial,Husband,White,Male,15024,0,45,United-States,>50K
49,Self-emp-not-inc,199590,HS-grad,9,Married-civ-spouse,Craft-repair,Husband,White,Male,0,0,50,Mexico,<=50K
74,Private,91488,1st-4th,2,Married-civ-spouse,Transport-moving,Husband,Black,Male,0,0,20,United-States,<=50K
35,Private,346766,HS-grad,9,Never-married,Handlers-cleaners,Not-in-family,White,Female,0,0,40,United-States,<=50K
17,Private,130806,10th,6,Never-married,Handlers-cleaners,Own-child,White,Male,0,0,24,United-States,<=50K
29,Private,297544,HS-grad,9,Married-civ-spouse,Craft-repair,Husband,White,Male,0,0,40,United-States,<=50K
39,Private,175681,Bachelors,13,Married-civ-spouse,Prof-specialty,Husband,Black,Male,0,0,60,Unknown,<=50K
40,Private,126701,9th,5,Never-married,Transport-moving,Not-in-family,White,Male,0,0,45,United-States,<=50K
22,Private,308334,HS-grad,9,Never-married,Other-service,Own-child,White,Female,0,0,19,United-States,<=50K
43,Federal-gov,77370,HS-grad,9,Married-civ-spouse,Transport-moving,Husband,White,Male,0,0,40,United-States,<=50K
47,Federal-gov,55377,Bachelors,13,Never-married,Adm-clerical,Unmarried,Black,Male,0,0,40,United-States,>50K
36,Self-emp-not-inc,129150,HS-grad,9,Married-civ-spouse,Farming-fishing,Husband,White,Male,0,0,50,United-States,>50K
44,Private,288433,Some-college,10,Never-married,Adm-clerical,Own-child,Black,Female,0,0,40,United-States,<=50K
47,Private,155664,Masters,14,Married-civ-spouse,Exec-managerial,Husband,White,Male,99999,0,55,United-States,>50K
38,Self-emp-not-inc,120985,HS-grad,9,Married-civ-spouse,Craft-repair,Husband,White,Male,4386,0,35,United-States,<=50K
23,Never-worked,188535,7th-8th,4,Divorced,Never-worked,Not-in-family,White,Male,0,0,35,United-States,<=50K
31,Private,127215,Some-college,10,Married-civ-spouse,Sales,Husband,White,Male,0,0,40,United-States,<=50K
23,Unknown,148751,Some-college,10,Never-married,Unknown,Not-in-family,White,Female,0,0,35,United-States,<=50K
34,Private,511361,Some-college,10,Never-married,Other-service,Own-child,Black,Male,0,0,40,United-States,<=50K
26,Private,247006,HS-grad,9,Married-civ-spouse,Exec-managerial,Husband,White,Male,0,0,52,United-States,<=50K
38,Private,130813,HS-grad,9,Divorced,Machine-op-inspct,Other-relative,White,Female,0,0,40,United-States,<=50K
20,Private,366929,Some-college,10,Never-married,Adm-clerical,Own-child,White,Female,0,0,35,United-States,<=50K
23,Private,54012,HS-grad,9,Married-civ-spouse,Transport-moving,Husband,White,Male,0,0,60,United-States,<=50K
35,Private,191628,Some-college,10,Married-civ-spouse,Prof-specialty,Husband,White,Male,0,0,40,United-States,<=50K
52,State-gov,254285,Bachelors,13,Married-civ-spouse,Prof-specialty,Husband,White,Male,0,0,40,United-States,<=50K
42,Private,153414,Bachelors,13,Married-civ-spouse,Sales,Husband,Black,Male,0,0,40,United-States,>50K
37,Private,105813,Assoc-voc,11,Married-civ-spouse,Adm-clerical,Husband,White,Male,7298,0,40,United-States,>50K
56,Self-emp-not-inc,385632,7th-8th,4,Divorced,Other-service,Unmarried,White,Female,0,0,40,United-States,<=50K
46,Private,695411,HS-grad,9,Divorced,Adm-clerical,Not-in-family,White,Female,0,0,44,United-States,<=50K
29,Private,184078,HS-grad,9,Never-married,Other-service,Other-relative,White,Female,0,0,40,United-States,<=50K
46,Self-emp-not-inc,233974,HS-grad,9,Married-civ-spouse,Farming-fishing,Husband,White,Male,0,0,35,United-States,<=50K
29,Private,82393,HS-grad,9,Never-married,Machine-op-inspct,Own-child,Asian-Pac-Islander,Male,0,0,40,Germany,<=50K
35,Private,193106,HS-grad,9,Separated,Adm-clerical,Unmarried,White,Female,0,0,32,United-States,<=50K
43,Private,87284,Some-college,10,Never-married,Handlers-cleaners,Not-in-family,White,Male,0,0,40,United-States,<=50K
17,Private,46402,7th-8th,4,Never-married,Sales,Own-child,White,Male,0,0,8,United-States,<=50K
57,Private,120302,HS-grad,9,Married-civ-spouse,Machine-op-inspct,Husband,White,Male,0,0,40,United-States,<=50K
36,Private,169926,HS-grad,9,Divorced,Sales,Not-in-family,White,Female,0,0,40,United-States,<=50K
26,Private,245880,HS-grad,9,Never-married,Adm-clerical,Not-in-family,White,Male,0,0,60,United-States,<=50K
64,Private,180401,10th,6,Married-civ-spouse,Transport-moving,Husband,White,Male,0,0,40,United-States,>50K
44,Private,176063,HS-grad,9,Married-civ-spouse,Transport-moving,Husband,White,Male,0,0,50,United-States,>50K
49,Private,227800,7th-8th,4,Married-civ-spouse,Prof-specialty,Husband,White,Male,0,0,32,United-States,<=50K
23,Private,109952,Some-college,10,Married-civ-spouse,Craft-repair,Husband,White,Male,0,0,60,United-States,<=50K
25,Private,69739,10th,6,Never-married,Machine-op-inspct,Own-child,White,Male,0,0,40,United-States,<=50K
42,Private,259757,Bachelors,13,Divorced,Prof-specialty,Unmarried,White,Male,0,653,50,United-States,>50K
59,State-gov,261584,Bachelors,13,Never-married,Exec-managerial,Not-in-family,Black,Female,0,0,40,Outlying-US(Guam-USVI-etc),<=50K
39,Local-gov,89508,HS-grad,9,Married-civ-spouse,Craft-repair,Husband,White,Male,0,0,40,United-States,>50K
46,Private,318331,HS-grad,9,Married-civ-spouse,Machine-op-inspct,Husband,White,Male,0,0,40,United-States,<=50K
63,Private,88653,Some-college,10,Married-civ-spouse,Prof-specialty,Husband,White,Male,0,0,40,Unknown,<=50K
41,Self-emp-not-inc,154374,Some-college,10,Divorced,Other-service,Unmarried,White,Male,0,0,45,United-States,<=50K
30,Private,176871,Some-college,10,Separated,Adm-clerical,Unmarried,Black,Female,0,0,40,United-States,<=50K
50,Private,169646,Bachelors,13,Separated,Prof-specialty,Unmarried,Asian-Pac-Islander,Female,0,0,40,Philippines,<=50K
42,Private,162140,Bachelors,13,Married-civ-spouse,Exec-managerial,Husband,White,Male,7298,0,45,United-States,>50K
23,Private,442274,12th,8,Never-married,Adm-clerical,Unmarried,White,Male,0,0,40,United-States,<=50K
45,Private,195949,HS-grad,9,Married-civ-spouse,Craft-repair,Husband,White,Male,0,0,40,United-States,<=50K
18,Private,177578,HS-grad,9,Never-married,Sales,Own-child,White,Female,0,0,38,United-States,<=50K
40,Self-emp-not-inc,26892,Bachelors,13,Married-AF-spouse,Prof-specialty,Husband,White,Male,7298,0,50,United-States,>50K
55,Private,148590,10th,6,Widowed,Craft-repair,Unmarried,Black,Female,0,0,40,United-States,<=50K
38,Private,298841,HS-grad,9,Divorced,Adm-clerical,Own-child,White,Female,0,0,40,United-States,<=50K
50,Federal-gov,176969,HS-grad,9,Divorced,Prof-specialty,Not-in-family,White,Male,0,1590,40,United-States,<=50K
38,Private,195686,Some-college,10,Married-civ-spouse,Craft-repair,Husband,White,Male,0,0,40,United-States,>50K
24,Private,122272,Bachelors,13,Never-married,Farming-fishing,Own-child,White,Female,0,0,40,United-States,<=50K
31,Private,56510,Some-college,10,Married-civ-spouse,Craft-repair,Husband,Asian-Pac-Islander,Male,0,0,40,United-States,<=50K
30,Private,169104,Assoc-acdm,12,Never-married,Other-service,Other-relative,Asian-Pac-Islander,Male,0,0,40,Vietnam,<=50K
58,Private,200040,HS-grad,9,Married-civ-spouse,Craft-repair,Husband,White,Male,0,0,40,United-States,<=50K
49,Unknown,407495,HS-grad,9,Married-spouse-absent,Unknown,Not-in-family,White,Male,0,0,70,United-States,<=50K
43,Private,131435,Bachelors,13,Divorced,Other-service,Not-in-family,White,Female,0,0,40,United-States,<=50K
31,Private,298871,Doctorate,16,Married-civ-spouse,Prof-specialty,Husband,Asian-Pac-Islander,Male,0,0,40,China,<=50K
25,Private,114483,Some-college,10,Married-civ-spouse,Exec-managerial,Husband,White,Male,0,0,50,United-States,<=50K
35,Private,214816,Bachelors,13,Married-civ-spouse,Exec-managerial,Husband,White,Male,0,0,40,United-States,>50K
30,Private,67187,HS-grad,9,Never-married,Handlers-cleaners,Own-child,Amer-Indian-Eskimo,Female,0,0,8,United-States,<=50K
46,Private,288608,HS-grad,9,Never-married,Craft-repair,Own-child,White,Male,0,0,40,United-States,<=50K
32,Private,154950,Prof-school,15,Never-married,Prof-specialty,Not-in-family,White,Male,0,0,40,United-States,<=50K
42,Private,201723,HS-grad,9,Divorced,Adm-clerical,Unmarried,White,Male,0,0,40,United-States,<=50K
45,Private,264526,Assoc-acdm,12,Divorced,Machine-op-inspct,Own-child,White,Male,0,0,40,United-States,<=50K
44,Federal-gov,192771,HS-grad,9,Never-married,Adm-clerical,Unmarried,White,Female,0,0,40,United-States,<=50K
30,Self-emp-inc,109282,Bachelors,13,Married-civ-spouse,Sales,Husband,White,Male,0,0,52,United-States,>50K
46,Local-gov,267952,Assoc-voc,11,Divorced,Exec-managerial,Not-in-family,White,Female,0,0,36,United-States,<=50K
17,Unknown,250541,11th,7,Never-married,Unknown,Own-child,Black,Male,0,0,8,United-States,<=50K
33,Private,31573,HS-grad,9,Married-civ-spouse,Machine-op-inspct,Husband,White,Male,0,0,40,United-States,<=50K
68,Private,204082,Some-college,10,Widowed,Exec-managerial,Not-in-family,White,Female,0,0,45,United-States,<=50K
30,Private,196396,Some-college,10,Never-married,Machine-op-inspct,Not-in-family,White,Male,0,0,40,United-States,<=50K
58,Private,248739,HS-grad,9,Married-civ-spouse,Farming-fishing,Husband,White,Male,0,0,53,United-States,>50K
18,Private,174394,HS-grad,9,Never-married,Other-service,Own-child,White,Female,0,0,20,United-States,<=50K
40,Self-emp-inc,175696,HS-grad,9,Never-married,Sales,Not-in-family,White,Male,0,0,51,United-States,<=50K
54,Private,263925,1st-4th,2,Married-civ-spouse,Transport-moving,Husband,White,Male,0,0,50,United-States,<=50K
90,Private,52386,Some-college,10,Never-married,Other-service,Not-in-family,Asian-Pac-Islander,Male,0,0,35,United-States,<=50K
30,Private,195750,HS-grad,9,Never-married,Handlers-cleaners,Own-child,White,Male,0,0,27,United-States,<=50K
25,Private,252187,11th,7,Never-married,Handlers-cleaners,Not-in-family,White,Male,0,0,40,United-States,<=50K
37,Unknown,319685,Assoc-voc,11,Married-civ-spouse,Unknown,Husband,White,Male,0,0,54,United-States,>50K
28,Self-emp-not-inc,33035,12th,8,Divorced,Other-service,Unmarried,White,Female,0,0,30,United-States,<=50K
53,Private,124963,HS-grad,9,Divorced,Handlers-cleaners,Not-in-family,White,Male,0,0,40,United-States,<=50K
20,Private,447488,9th,5,Never-married,Other-service,Unmarried,White,Male,0,0,30,Mexico,<=50K
79,Unknown,144533,HS-grad,9,Widowed,Unknown,Not-in-family,Black,Female,0,0,30,United-States,<=50K
55,Private,286230,11th,7,Divorced,Sales,Own-child,White,Female,0,0,20,United-States,<=50K
46,Private,130364,HS-grad,9,Never-married,Craft-repair,Unmarried,White,Male,0,0,40,United-States,<=50K
32,Private,142675,HS-grad,9,Never-married,Craft-repair,Not-in-family,White,Male,0,0,40,United-States,<=50K
32,Private,260868,Bachelors,13,Married-civ-spouse,Sales,Husband,Black,Male,0,0,40,United-States,>50K
20,Private,375698,Some-college,10,Never-married,Adm-clerical,Own-child,White,Female,0,0,15,United-States,<=50K
63,Self-emp-not-inc,117681,Assoc-voc,11,Married-civ-spouse,Farming-fishing,Husband,White,Male,0,0,40,United-States,<=50K
27,Private,271714,Some-college,10,Never-married,Other-service,Own-child,White,Female,0,0,30,United-States,<=50K
45,Private,59380,Bachelors,13,Separated,Exec-managerial,Not-in-family,White,Female,0,0,55,United-States,<=50K
63,Unknown,68954,HS-grad,9,Widowed,Unknown,Not-in-family,Black,Female,0,0,11,United-States,<=50K
36,Federal-gov,68781,Some-college,10,Married-civ-spouse,Adm-clerical,Husband,White,Male,0,0,35,United-States,<=50K
26,Private,174592,Some-college,10,Never-married,Adm-clerical,Not-in-family,White,Female,0,0,40,United-States,<=50K
18,Private,123343,11th,7,Never-married,Sales,Not-in-family,White,Female,0,0,30,United-States,<=50K
17,Private,115551,11th,7,Never-married,Other-service,Own-child,White,Female,0,0,20,United-States,<=50K
55,Private,156430,Bachelors,13,Married-civ-spouse,Prof-specialty,Husband,White,Male,0,0,40,United-States,>50K
40,Private,142657,Assoc-voc,11,Married-civ-spouse,Craft-repair,Husband,Black,Male,0,0,45,United-States,<=50K
50,Private,128798,Bachelors,13,Married-civ-spouse,Tech-support,Husband,White,Male,0,0,40,United-States,>50K
20,Private,105312,Some-college,10,Never-married,Sales,Own-child,White,Female,0,0,18,United-States,<=50K
25,Private,181666,Assoc-acdm,12,Never-married,Tech-support,Own-child,White,Female,0,0,40,United-States,<=50K
37,Private,271013,HS-grad,9,Divorced,Handlers-cleaners,Not-in-family,White,Male,0,0,40,United-States,<=50K
33,Private,178429,Bachelors,13,Married-civ-spouse,Prof-specialty,Husband,White,Male,0,0,40,United-States,>50K
36,Private,240323,Some-college,10,Widowed,Adm-clerical,Unmarried,Black,Female,0,0,40,United-States,<=50K
22,Unknown,287988,Some-college,10,Never-married,Unknown,Not-in-family,White,Male,0,0,15,United-States,<=50K
49,Self-emp-not-inc,349986,Bachelors,13,Married-civ-spouse,Prof-specialty,Husband,White,Male,0,0,60,United-States,>50K
40,Private,190044,Assoc-acdm,12,Married-civ-spouse,Other-service,Husband,White,Male,0,0,40,United-States,<=50K
56,Private,33323,HS-grad,9,Married-civ-spouse,Machine-op-inspct,Husband,White,Male,0,0,40,United-States,<=50K
41,Self-emp-not-inc,287037,HS-grad,9,Married-civ-spouse,Prof-specialty,Husband,White,Male,0,0,40,United-States,<=50K
47,Private,121836,Masters,14,Married-civ-spouse,Adm-clerical,Wife,White,Female,7688,0,38,United-States,>50K
51,Private,55507,HS-grad,9,Married-civ-spouse,Craft-repair,Husband,Black,Male,0,0,40,United-States,<=50K
34,State-gov,61431,12th,8,Never-married,Adm-clerical,Not-in-family,Black,Female,0,0,40,United-States,<=50K
27,Private,135001,HS-grad,9,Married-civ-spouse,Craft-repair,Husband,White,Male,0,0,40,United-States,<=50K
20,Private,89991,Some-college,10,Never-married,Other-service,Own-child,White,Female,0,0,32,United-States,<=50K
25,Private,264055,Bachelors,13,Never-married,Adm-clerical,Own-child,White,Male,0,0,40,United-States,<=50K
30,Private,100734,Bachelors,13,Married-civ-spouse,Prof-specialty,Wife,White,Female,0,0,38,United-States,<=50K
57,Private,206206,Bachelors,13,Married-civ-spouse,Sales,Husband,White,Male,0,0,40,United-States,>50K
36,State-gov,196348,HS-grad,9,Married-civ-spouse,Exec-managerial,Husband,White,Male,0,0,60,United-States,>50K
17,Private,60562,9th,5,Never-married,Other-service,Own-child,White,Female,0,0,20,United-States,<=50K
27,State-gov,312692,Bachelors,13,Never-married,Tech-support,Not-in-family,White,Male,0,0,12,United-States,<=50K
26,Private,58426,HS-grad,9,Married-civ-spouse,Prof-specialty,Husband,White,Male,0,0,50,United-States,<=50K
33,Self-emp-not-inc,202729,Bachelors,13,Married-civ-spouse,Craft-repair,Husband,White,Male,0,0,40,United-States,>50K
60,Private,145664,Some-college,10,Divorced,Sales,Not-in-family,White,Female,0,0,48,United-States,<=50K
43,Private,88233,Some-college,10,Married-civ-spouse,Transport-moving,Husband,White,Male,0,0,60,United-States,<=50K
42,Self-emp-not-inc,157562,Bachelors,13,Married-civ-spouse,Farming-fishing,Husband,White,Male,0,1902,80,United-States,>50K
39,Self-emp-inc,172538,Bachelors,13,Married-civ-spouse,Prof-specialty,Husband,White,Male,0,0,50,United-States,>50K
23,Private,180339,Assoc-acdm,12,Never-married,Sales,Own-child,White,Female,0,0,65,United-States,<=50K
26,Private,104746,HS-grad,9,Married-civ-spouse,Craft-repair,Husband,White,Male,5013,0,60,United-States,<=50K
29,Self-emp-not-inc,109001,Some-college,10,Married-civ-spouse,Craft-repair,Husband,White,Male,0,0,35,United-States,<=50K
20,Self-emp-not-inc,263498,Assoc-voc,11,Never-married,Farming-fishing,Own-child,White,Male,0,0,40,United-States,<=50K
23,Private,210474,Some-college,10,Never-married,Other-service,Own-child,White,Female,0,0,30,United-States,<=50K
52,Private,218550,Some-college,10,Married-spouse-absent,Adm-clerical,Not-in-family,White,Female,14084,0,16,United-States,>50K
18,Unknown,215463,12th,8,Never-married,Unknown,Own-child,White,Female,0,0,25,United-States,<=50K
22,Private,113062,Bachelors,13,Never-married,Exec-managerial,Own-child,White,Female,0,0,7,United-States,<=50K
28,Private,212640,Prof-school,15,Never-married,Prof-specialty,Not-in-family,White,Female,0,0,85,United-States,<=50K
37,Private,119098,Bachelors,13,Married-civ-spouse,Prof-specialty,Husband,White,Male,0,0,50,United-States,>50K
60,Private,51290,7th-8th,4,Divorced,Other-service,Not-in-family,White,Female,0,0,40,United-States,<=50K
64,Self-emp-inc,165667,Doctorate,16,Married-civ-spouse,Prof-specialty,Husband,White,Male,7688,0,60,Canada,>50K
56,Private,212864,Bachelors,13,Married-civ-spouse,Prof-specialty,Husband,White,Male,0,0,40,United-States,>50K
34,Private,226525,Assoc-voc,11,Never-married,Other-service,Own-child,White,Male,0,0,40,United-States,<=50K
21,Self-emp-not-inc,57298,Some-college,10,Never-married,Adm-clerical,Own-child,White,Female,0,0,15,United-States,<=50K
63,Private,268965,12th,8,Widowed,Sales,Unmarried,White,Female,0,0,40,United-States,<=50K
35,Private,56352,Assoc-voc,11,Married-civ-spouse,Other-service,Husband,White,Male,0,0,40,Puerto-Rico,<=50K
42,Private,340234,HS-grad,9,Married-civ-spouse,Tech-support,Husband,Asian-Pac-Islander,Male,15024,0,40,United-States,>50K
27,Private,56870,HS-grad,9,Married-civ-spouse,Machine-op-inspct,Husband,White,Male,0,0,40,United-States,<=50K
70,Unknown,92593,Some-college,10,Widowed,Unknown,Not-in-family,White,Female,0,0,25,United-States,<=50K
52,Private,256861,Bachelors,13,Married-civ-spouse,Exec-managerial,Husband,White,Male,0,0,50,United-States,<=50K
60,State-gov,114060,Some-college,10,Married-civ-spouse,Protective-serv,Husband,White,Male,0,0,40,United-States,<=50K
42,Private,183096,Some-college,10,Divorced,Exec-managerial,Own-child,White,Female,0,0,40,United-States,<=50K
36,Private,185607,HS-grad,9,Never-married,Other-service,Unmarried,White,Female,0,0,30,United-States,<=50K
48,Self-emp-inc,56975,HS-grad,9,Divorced,Sales,Unmarried,Asian-Pac-Islander,Female,0,0,84,Unknown,<=50K
57,Private,176079,HS-grad,9,Divorced,Adm-clerical,Not-in-family,White,Female,0,0,40,United-States,<=50K
35,Private,248010,Bachelors,13,Married-spouse-absent,Craft-repair,Unmarried,White,Male,0,0,40,United-States,<=50K
49,Private,147322,Assoc-voc,11,Married-civ-spouse,Machine-op-inspct,Wife,White,Female,0,0,40,Peru,<=50K
20,Unknown,346341,Some-college,10,Never-married,Unknown,Not-in-family,White,Female,0,0,35,United-States,<=50K
72,Unknown,117017,HS-grad,9,Married-civ-spouse,Unknown,Husband,White,Male,0,0,8,United-States,<=50K
60,Private,199378,HS-grad,9,Married-civ-spouse,Craft-repair,Husband,White,Male,0,0,40,United-States,<=50K
33,Private,144949,Masters,14,Married-civ-spouse,Prof-specialty,Husband,White,Male,15024,0,40,United-States,>50K
39,Private,379350,10th,6,Married-civ-spouse,Craft-repair,Husband,White,Male,0,0,40,United-States,<=50K
23,Private,77581,Bachelors,13,Never-married,Exec-managerial,Own-child,White,Male,0,0,40,United-States,<=50K
34,Private,287315,HS-grad,9,Divorced,Machine-op-inspct,Not-in-family,White,Male,0,0,40,United-States,<=50K
17,Private,56536,11th,7,Never-married,Sales,Own-child,White,Female,1055,0,18,India,<=50K
46,Private,175262,Assoc-acdm,12,Married-civ-spouse,Adm-clerical,Husband,Asian-Pac-Islander,Male,0,0,40,India,<=50K
40,Private,191982,Assoc-voc,11,Divorced,Prof-specialty,Unmarried,White,Female,0,0,40,United-States,>50K
25,Unknown,126797,HS-grad,9,Married-spouse-absent,Unknown,Not-in-family,White,Male,0,0,40,United-States,<=50K
25,Private,254613,HS-grad,9,Never-married,Craft-repair,Own-child,White,Male,0,0,40,Cuba,<=50K
49,Federal-gov,216453,Assoc-voc,11,Divorced,Exec-managerial,Unmarried,Black,Female,0,0,45,United-States,<=50K
35,Private,374524,Prof-school,15,Married-civ-spouse,Prof-specialty,Husband,White,Male,0,0,75,United-States,>50K
22,Unknown,182387,Some-college,10,Never-married,Unknown,Not-in-family,Asian-Pac-Islander,Female,0,0,12,Thailand,<=50K
18,Private,205894,Some-college,10,Never-married,Sales,Own-child,White,Male,0,0,25,Unknown,<=50K
33,Private,221966,Bachelors,13,Never-married,Prof-specialty,Not-in-family,White,Male,2202,0,50,United-States,<=50K
35,Self-emp-not-inc,115618,HS-grad,9,Divorced,Sales,Not-in-family,White,Male,0,0,50,United-States,>50K
31,Private,703107,HS-grad,9,Never-married,Machine-op-inspct,Not-in-family,Black,Male,0,0,40,United-States,<=50K
41,Private,469454,Some-college,10,Married-civ-spouse,Craft-repair,Husband,White,Male,0,0,40,United-States,<=50K
20,Private,231231,Some-college,10,Never-married,Sales,Not-in-family,White,Male,0,0,30,United-States,<=50K
20,Private,243010,HS-grad,9,Never-married,Machine-op-inspct,Other-relative,Other,Male,0,0,32,United-States,<=50K
39,Self-emp-not-inc,65716,Assoc-acdm,12,Married-civ-spouse,Adm-clerical,Wife,White,Female,0,0,40,United-States,>50K
33,Private,170769,HS-grad,9,Married-civ-spouse,Craft-repair,Husband,White,Male,0,0,40,United-States,<=50K
44,Local-gov,33068,12th,8,Married-civ-spouse,Craft-repair,Husband,White,Male,0,0,55,United-States,<=50K
21,Private,192572,HS-grad,9,Never-married,Adm-clerical,Own-child,White,Female,0,0,45,United-States,<=50K
21,Private,200973,Some-college,10,Never-married,Sales,Own-child,White,Female,0,0,20,United-States,<=50K
40,Private,105936,HS-grad,9,Married-civ-spouse,Sales,Wife,White,Female,5013,0,20,United-States,<=50K
31,Self-emp-not-inc,156033,HS-grad,9,Divorced,Other-service,Not-in-family,White,Male,0,0,35,United-States,<=50K
32,Private,241802,HS-grad,9,Married-civ-spouse,Other-service,Wife,Other,Female,0,0,40,United-States,<=50K
23,Private,302195,Bachelors,13,Married-civ-spouse,Prof-specialty,Husband,White,Male,0,0,40,United-States,<=50K
41,Federal-gov,133060,Assoc-acdm,12,Married-civ-spouse,Prof-specialty,Husband,White,Male,0,0,40,United-States,>50K
26,Private,191648,Assoc-acdm,12,Never-married,Machine-op-inspct,Other-relative,White,Female,0,0,15,United-States,<=50K
25,Private,76978,HS-grad,9,Never-married,Sales,Unmarried,Black,Female,0,0,35,United-States,<=50K
61,Federal-gov,136787,Some-college,10,Married-civ-spouse,Adm-clerical,Husband,White,Male,0,0,40,United-States,>50K
37,Private,224566,HS-grad,9,Never-married,Craft-repair,Unmarried,White,Male,0,0,40,United-States,<=50K
47,Private,211668,HS-grad,9,Married-civ-spouse,Machine-op-inspct,Wife,Black,Female,0,0,40,United-States,>50K
30,Private,226665,Bachelors,13,Married-civ-spouse,Exec-managerial,Husband,Black,Male,0,0,42,United-States,>50K
27,Local-gov,199172,HS-grad,9,Married-civ-spouse,Protective-serv,Wife,White,Female,0,0,40,United-States,<=50K
34,Federal-gov,189944,Some-college,10,Never-married,Adm-clerical,Not-in-family,Black,Female,0,0,72,United-States,<=50K
31,Self-emp-not-inc,81030,Doctorate,16,Married-civ-spouse,Prof-specialty,Husband,White,Male,0,0,40,United-States,>50K
35,Self-emp-not-inc,238802,HS-grad,9,Married-civ-spouse,Farming-fishing,Husband,White,Male,0,0,50,United-States,<=50K
21,Private,232569,HS-grad,9,Never-married,Handlers-cleaners,Not-in-family,White,Male,0,0,40,United-States,<=50K
29,Private,88432,Assoc-voc,11,Married-civ-spouse,Craft-repair,Husband,White,Male,0,0,50,United-States,<=50K
24,Federal-gov,44075,Bachelors,13,Never-married,Prof-specialty,Not-in-family,Asian-Pac-Islander,Male,0,0,40,United-States,<=50K
18,Private,109702,Some-college,10,Never-married,Sales,Own-child,White,Female,0,0,30,United-States,<=50K
30,Private,140011,Assoc-voc,11,Married-civ-spouse,Handlers-cleaners,Husband,White,Male,0,0,53,United-States,<=50K
24,Private,86153,Some-college,10,Never-married,Adm-clerical,Not-in-family,White,Female,0,0,40,United-States,<=50K
22,Private,38251,Assoc-acdm,12,Never-married,Other-service,Unmarried,White,Female,0,0,35,United-States,<=50K
36,Self-emp-not-inc,151322,Bachelors,13,Married-civ-spouse,Prof-specialty,Husband,White,Male,0,0,45,United-States,>50K
23,Private,35633,Some-college,10,Never-married,Sales,Not-in-family,White,Male,0,0,40,United-States,<=50K
43,Private,96421,Bachelors,13,Divorced,Prof-specialty,Unmarried,White,Female,0,0,24,Outlying-US(Guam-USVI-etc),<=50K
18,Private,266489,Some-college,10,Never-married,Exec-managerial,Not-in-family,White,Male,0,0,50,United-States,<=50K
18,Private,201901,11th,7,Never-married,Sales,Own-child,White,Female,0,0,10,United-States,<=50K
67,Local-gov,190661,Doctorate,16,Never-married,Prof-specialty,Not-in-family,White,Female,7896,0,50,United-States,>50K
26,Private,134945,HS-grad,9,Never-married,Machine-op-inspct,Other-relative,White,Male,0,0,40,United-States,<=50K
25,Private,212522,HS-grad,9,Never-married,Craft-repair,Other-relative,White,Male,0,0,40,United-States,<=50K
33,Unknown,98145,Some-college,10,Divorced,Unknown,Unmarried,Amer-Indian-Eskimo,Male,0,0,30,United-States,<=50K
36,Private,336367,Assoc-acdm,12,Never-married,Exec-managerial,Unmarried,White,Male,0,0,50,United-States,<=50K
37,Self-emp-inc,382802,Doctorate,16,Married-civ-spouse,Prof-specialty,Husband,Black,Male,0,0,99,United-States,>50K
24,Private,170070,HS-grad,9,Never-married,Machine-op-inspct,Own-child,White,Female,0,0,25,United-States,<=50K
47,Private,200471,Assoc-voc,11,Married-civ-spouse,Adm-clerical,Husband,White,Male,4064,0,40,United-States,<=50K
38,Federal-gov,99527,Masters,14,Married-civ-spouse,Exec-managerial,Husband,White,Male,0,0,40,United-States,>50K
55,Private,116442,HS-grad,9,Never-married,Sales,Not-in-family,White,Male,0,0,38,United-States,<=50K
25,Private,41526,Bachelors,13,Never-married,Craft-repair,Own-child,White,Male,0,0,30,Canada,<=50K
30,Private,246439,Some-college,10,Divorced,Adm-clerical,Unmarried,White,Male,0,0,40,United-States,<=50K
31,Private,369825,7th-8th,4,Never-married,Handlers-cleaners,Other-relative,White,Male,0,0,25,United-States,<=50K
53,Local-gov,135102,HS-grad,9,Married-civ-spouse,Other-service,Husband,White,Male,0,2002,45,United-States,<=50K
18,Private,414721,11th,7,Never-married,Other-service,Own-child,Black,Male,0,1602,23,United-States,<=50K
23,Private,193586,Some-college,10,Separated,Farming-fishing,Other-relative,White,Female,0,0,40,United-States,<=50K
46,Private,233511,Bachelors,13,Divorced,Craft-repair,Not-in-family,White,Male,0,0,48,United-States,<=50K
35,Private,224566,Some-college,10,Never-married,Exec-managerial,Not-in-family,White,Male,0,0,60,United-States,<=50K
36,State-gov,345712,HS-grad,9,Married-civ-spouse,Exec-managerial,Husband,White,Male,0,0,40,United-States,<=50K
28,Local-gov,202558,Some-college,10,Never-married,Exec-managerial,Own-child,White,Female,0,0,40,United-States,<=50K
31,Self-emp-not-inc,209213,HS-grad,9,Never-married,Sales,Not-in-family,Black,Male,0,0,40,Unknown,<=50K
32,Private,83253,Some-college,10,Married-civ-spouse,Transport-moving,Husband,White,Male,0,0,60,United-States,<=50K
31,Private,262024,HS-grad,9,Married-civ-spouse,Machine-op-inspct,Husband,Black,Male,0,0,40,United-States,<=50K
32,Self-emp-inc,124919,Bachelors,13,Married-civ-spouse,Other-service,Husband,Asian-Pac-Islander,Male,0,0,50,Iran,>50K
49,Private,31339,HS-grad,9,Married-civ-spouse,Craft-repair,Husband,White,Male,0,0,40,United-States,<=50K
21,Self-emp-not-inc,99199,HS-grad,9,Married-civ-spouse,Craft-repair,Husband,White,Male,0,0,40,United-States,<=50K
52,Self-emp-not-inc,199265,HS-grad,9,Divorced,Craft-repair,Not-in-family,Black,Male,0,0,40,United-States,<=50K
28,Private,70240,HS-grad,9,Married-spouse-absent,Other-service,Not-in-family,Asian-Pac-Islander,Female,0,0,40,Philippines,<=50K
25,Private,213412,Bachelors,13,Never-married,Tech-support,Unmarried,White,Male,0,0,40,United-States,<=50K
36,Private,198841,Masters,14,Married-civ-spouse,Exec-managerial,Husband,White,Male,0,0,40,United-States,>50K
54,Private,204397,Some-college,10,Married-civ-spouse,Farming-fishing,Husband,White,Male,0,0,50,United-States,<=50K
31,Self-emp-not-inc,177675,Bachelors,13,Married-civ-spouse,Prof-specialty,Husband,White,Male,0,0,40,United-States,>50K
44,Federal-gov,38434,Masters,14,Never-married,Prof-specialty,Not-in-family,White,Female,0,0,40,United-States,<=50K
25,Private,143267,HS-grad,9,Never-married,Adm-clerical,Not-in-family,White,Female,0,0,48,United-States,<=50K
30,Private,112263,11th,7,Divorced,Handlers-cleaners,Own-child,White,Male,0,0,40,United-States,<=50K
24,Private,190290,Bachelors,13,Never-married,Sales,Not-in-family,White,Male,0,0,60,United-States,<=50K
64,Private,256019,Masters,14,Never-married,Prof-specialty,Not-in-family,White,Female,0,0,35,United-States,<=50K
41,Private,242089,Masters,14,Married-civ-spouse,Exec-managerial,Husband,White,Male,0,0,45,United-States,<=50K
29,Private,180299,Some-college,10,Married-civ-spouse,Transport-moving,Husband,White,Male,0,0,35,United-States,<=50K
27,Unknown,146651,HS-grad,9,Married-civ-spouse,Unknown,Own-child,White,Female,0,0,15,United-States,<=50K
45,Private,186272,9th,5,Married-civ-spouse,Adm-clerical,Husband,Black,Male,5178,0,40,United-States,>50K
33,Self-emp-not-inc,176185,HS-grad,9,Married-civ-spouse,Craft-repair,Husband,White,Male,0,0,40,United-States,<=50K
22,Private,326334,Some-college,10,Never-married,Craft-repair,Own-child,White,Male,0,0,35,United-States,<=50K
46,Self-emp-not-inc,148599,Masters,14,Married-civ-spouse,Craft-repair,Husband,White,Male,0,0,50,United-States,>50K
17,Private,143791,10th,6,Never-married,Other-service,Own-child,Black,Female,0,0,12,United-States,<=50K
55,Private,354923,Assoc-acdm,12,Divorced,Adm-clerical,Unmarried,White,Female,0,0,40,United-States,<=50K
